-- phpMyAdmin SQL Dump
-- version 5.2.1
-- https://www.phpmyadmin.net/
--
-- Host: localhost
-- Generation Time: Nov 21, 2024 at 04:38 AM
-- Server version: 10.11.10-MariaDB
-- PHP Version: 8.0.30

SET SQL_MODE = "NO_AUTO_VALUE_ON_ZERO";
START TRANSACTION;
SET time_zone = "+00:00";


/*!40101 SET @OLD_CHARACTER_SET_CLIENT=@@CHARACTER_SET_CLIENT */;
/*!40101 SET @OLD_CHARACTER_SET_RESULTS=@@CHARACTER_SET_RESULTS */;
/*!40101 SET @OLD_COLLATION_CONNECTION=@@COLLATION_CONNECTION */;
/*!40101 SET NAMES utf8mb4 */;

--
-- Database: `apia_atlantic_accounts`
--

-- --------------------------------------------------------

--
-- Table structure for table `tbl_access`
--

CREATE TABLE `tbl_access` (
  `oAccessid` int(10) UNSIGNED NOT NULL,
  `oUserid` int(5) UNSIGNED NOT NULL DEFAULT 0,
  `oModuleid` int(3) UNSIGNED NOT NULL DEFAULT 0,
  `oMain` int(1) UNSIGNED DEFAULT 0,
  `oAdd` int(1) UNSIGNED DEFAULT 0,
  `oEdit` int(1) UNSIGNED DEFAULT 0,
  `oView` int(1) UNSIGNED DEFAULT 0,
  `oSave` int(1) UNSIGNED DEFAULT 0,
  `oPost` int(1) UNSIGNED DEFAULT 0,
  `oCancel` int(1) UNSIGNED DEFAULT 0,
  `oPrint` int(1) UNSIGNED DEFAULT 0,
  `oDiscount` int(1) UNSIGNED DEFAULT 0,
  `oSend` int(1) UNSIGNED DEFAULT 0,
  `oSalesassistant` int(1) UNSIGNED DEFAULT 0,
  `oSupervisor` int(1) UNSIGNED DEFAULT 0,
  `oManager` int(1) UNSIGNED DEFAULT 0,
  `oAudit` int(1) UNSIGNED DEFAULT 0
) ENGINE=InnoDB DEFAULT CHARSET=latin1 COLLATE=latin1_general_ci;

--
-- Dumping data for table `tbl_access`
--

INSERT INTO `tbl_access` (`oAccessid`, `oUserid`, `oModuleid`, `oMain`, `oAdd`, `oEdit`, `oView`, `oSave`, `oPost`, `oCancel`, `oPrint`, `oDiscount`, `oSend`, `oSalesassistant`, `oSupervisor`, `oManager`, `oAudit`) VALUES
(1, 1, 2, 1, 0, 0, 0, 0, 0, 0, 0, 0, 0, 0, 0, 0, 0),
(2, 1, 5, 0, 0, 0, 0, 0, 0, 0, 0, 0, 0, 0, 0, 0, 0),
(3, 1, 12, 0, 0, 0, 0, 0, 0, 0, 0, 0, 0, 0, 0, 0, 0),
(4, 1, 15, 0, 0, 0, 0, 0, 0, 0, 0, 0, 0, 0, 0, 0, 0),
(5, 1, 9, 0, 0, 0, 0, 0, 0, 0, 0, 0, 0, 0, 0, 0, 0),
(6, 1, 8, 0, 0, 0, 0, 0, 0, 0, 0, 0, 0, 0, 0, 0, 0),
(7, 1, 1, 1, 0, 0, 0, 1, 1, 0, 0, 0, 0, 0, 0, 0, 0),
(8, 1, 4, 0, 0, 0, 0, 0, 0, 0, 0, 0, 0, 0, 0, 0, 0),
(9, 1, 11, 0, 0, 0, 0, 0, 0, 0, 0, 0, 0, 0, 0, 0, 0),
(10, 1, 7, 0, 0, 0, 0, 0, 0, 0, 0, 0, 0, 0, 0, 0, 0),
(11, 1, 10, 0, 0, 0, 0, 0, 0, 0, 0, 0, 0, 0, 0, 0, 0),
(12, 1, 6, 0, 0, 0, 0, 0, 0, 0, 0, 0, 0, 0, 0, 0, 0),
(13, 1, 13, 0, 0, 0, 0, 0, 0, 0, 0, 0, 0, 0, 0, 0, 0),
(14, 1, 14, 0, 0, 0, 0, 0, 0, 0, 0, 0, 0, 0, 0, 0, 0),
(15, 1, 3, 1, 1, 1, 1, 1, 1, 1, 1, 1, 1, 1, 0, 0, 0),
(16, 96, 2, 0, 0, 0, 0, 0, 0, 0, 0, 0, 0, 0, 0, 0, 0),
(17, 96, 5, 0, 0, 0, 0, 0, 0, 0, 0, 0, 0, 0, 0, 0, 0),
(18, 96, 12, 0, 0, 0, 0, 0, 0, 0, 0, 0, 0, 0, 0, 0, 0),
(19, 96, 15, 0, 0, 0, 0, 0, 0, 0, 0, 0, 0, 0, 0, 0, 0),
(20, 96, 9, 0, 0, 0, 0, 0, 0, 0, 0, 0, 0, 0, 0, 0, 0),
(21, 96, 8, 0, 0, 0, 0, 0, 0, 0, 0, 0, 0, 0, 0, 0, 0),
(22, 96, 1, 1, 0, 0, 0, 1, 1, 0, 0, 0, 0, 0, 0, 0, 0),
(23, 96, 4, 0, 0, 0, 0, 0, 0, 0, 0, 0, 0, 0, 0, 0, 0),
(24, 96, 11, 0, 0, 0, 0, 0, 0, 0, 0, 0, 0, 0, 0, 0, 0),
(25, 96, 7, 0, 0, 0, 0, 0, 0, 0, 0, 0, 0, 0, 0, 0, 0),
(26, 96, 10, 0, 0, 0, 0, 0, 0, 0, 0, 0, 0, 0, 0, 0, 0),
(27, 96, 6, 0, 0, 0, 0, 0, 0, 0, 0, 0, 0, 0, 0, 0, 0),
(28, 96, 13, 0, 0, 0, 0, 0, 0, 0, 0, 0, 0, 0, 0, 0, 0),
(29, 96, 14, 0, 0, 0, 0, 0, 0, 0, 0, 0, 0, 0, 0, 0, 0),
(30, 96, 3, 0, 0, 0, 0, 0, 0, 0, 0, 0, 0, 0, 0, 0, 0),
(31, 96, 21, 1, 1, 1, 1, 1, 1, 1, 1, 1, 1, 1, 1, 0, 0),
(32, 96, 22, 1, 1, 1, 1, 1, 1, 1, 1, 1, 1, 1, 1, 0, 0),
(33, 96, 23, 1, 1, 1, 1, 1, 1, 1, 1, 1, 1, 1, 1, 0, 0),
(34, 96, 24, 1, 1, 1, 1, 1, 1, 1, 1, 1, 1, 1, 1, 0, 0),
(35, 96, 25, 1, 1, 1, 1, 1, 1, 1, 1, 1, 1, 1, 1, 0, 0),
(36, 96, 26, 1, 1, 1, 1, 1, 1, 1, 1, 1, 1, 1, 1, 0, 0),
(37, 24, 2, 0, 0, 0, 0, 0, 0, 0, 0, 0, 0, 0, 0, 0, 0),
(38, 24, 5, 0, 0, 0, 0, 0, 0, 0, 0, 0, 0, 0, 0, 0, 0),
(39, 24, 12, 0, 0, 0, 0, 0, 0, 0, 0, 0, 0, 0, 0, 0, 0),
(40, 24, 15, 0, 0, 0, 0, 0, 0, 0, 0, 0, 0, 0, 0, 0, 0),
(41, 24, 9, 0, 0, 0, 0, 0, 0, 0, 0, 0, 0, 0, 0, 0, 0),
(42, 24, 8, 0, 0, 0, 0, 0, 0, 0, 0, 0, 0, 0, 0, 0, 0),
(43, 24, 1, 1, 0, 0, 0, 1, 1, 0, 0, 0, 0, 0, 0, 0, 0),
(44, 24, 4, 0, 0, 0, 0, 0, 0, 0, 0, 0, 0, 0, 0, 0, 0),
(45, 24, 11, 0, 0, 0, 0, 0, 0, 0, 0, 0, 0, 0, 0, 0, 0),
(46, 24, 7, 0, 0, 0, 0, 0, 0, 0, 0, 0, 0, 0, 0, 0, 0),
(47, 24, 10, 0, 0, 0, 0, 0, 0, 0, 0, 0, 0, 0, 0, 0, 0),
(48, 24, 6, 0, 0, 0, 0, 0, 0, 0, 0, 0, 0, 0, 0, 0, 0),
(49, 24, 13, 0, 0, 0, 0, 0, 0, 0, 0, 0, 0, 0, 0, 0, 0),
(50, 24, 14, 0, 0, 0, 0, 0, 0, 0, 0, 0, 0, 0, 0, 0, 0),
(51, 24, 3, 0, 0, 0, 0, 0, 0, 0, 0, 0, 0, 0, 0, 0, 0),
(52, 24, 21, 1, 1, 1, 1, 1, 1, 1, 1, 1, 1, 1, 1, 0, 0),
(53, 24, 22, 1, 1, 1, 1, 1, 1, 1, 1, 1, 1, 1, 1, 0, 0),
(54, 24, 23, 1, 1, 1, 1, 1, 1, 1, 1, 1, 1, 1, 1, 0, 0),
(55, 24, 24, 1, 1, 1, 1, 1, 1, 1, 1, 1, 1, 1, 1, 0, 0),
(56, 24, 25, 1, 1, 1, 1, 1, 1, 1, 1, 1, 1, 1, 1, 0, 0),
(57, 24, 26, 1, 1, 1, 1, 1, 1, 1, 1, 1, 1, 1, 1, 0, 0),
(58, 39, 2, 0, 0, 0, 0, 0, 0, 0, 0, 0, 0, 0, 0, 0, 0),
(59, 39, 5, 0, 0, 0, 0, 0, 0, 0, 0, 0, 0, 0, 0, 0, 0),
(60, 39, 12, 0, 0, 0, 0, 0, 0, 0, 0, 0, 0, 0, 0, 0, 0),
(61, 39, 15, 0, 0, 0, 0, 0, 0, 0, 0, 0, 0, 0, 0, 0, 0),
(62, 39, 9, 0, 0, 0, 0, 0, 0, 0, 0, 0, 0, 0, 0, 0, 0),
(63, 39, 8, 0, 0, 0, 0, 0, 0, 0, 0, 0, 0, 0, 0, 0, 0),
(64, 39, 1, 1, 0, 0, 0, 1, 1, 0, 0, 0, 0, 0, 0, 0, 0),
(65, 39, 4, 0, 0, 0, 0, 0, 0, 0, 0, 0, 0, 0, 0, 0, 0),
(66, 39, 11, 0, 0, 0, 0, 0, 0, 0, 0, 0, 0, 0, 0, 0, 0),
(67, 39, 7, 0, 0, 0, 0, 0, 0, 0, 0, 0, 0, 0, 0, 0, 0),
(68, 39, 10, 0, 0, 0, 0, 0, 0, 0, 0, 0, 0, 0, 0, 0, 0),
(69, 39, 6, 0, 0, 0, 0, 0, 0, 0, 0, 0, 0, 0, 0, 0, 0),
(70, 39, 13, 0, 0, 0, 0, 0, 0, 0, 0, 0, 0, 0, 0, 0, 0),
(71, 39, 14, 0, 0, 0, 0, 0, 0, 0, 0, 0, 0, 0, 0, 0, 0),
(72, 39, 3, 0, 0, 0, 0, 0, 0, 0, 0, 0, 0, 0, 0, 0, 0),
(73, 39, 21, 1, 1, 1, 1, 1, 1, 1, 1, 1, 1, 1, 1, 0, 0),
(74, 39, 22, 1, 1, 1, 1, 1, 1, 1, 1, 1, 1, 1, 1, 0, 0),
(75, 39, 23, 1, 1, 1, 1, 1, 1, 1, 1, 1, 1, 1, 1, 0, 0),
(76, 39, 24, 1, 1, 1, 1, 1, 1, 1, 1, 1, 1, 1, 1, 0, 0),
(77, 39, 25, 1, 1, 1, 1, 1, 1, 1, 1, 1, 1, 1, 1, 0, 0),
(78, 39, 26, 1, 1, 1, 1, 1, 1, 1, 1, 1, 1, 1, 1, 0, 0),
(79, 17, 2, 0, 0, 0, 0, 0, 0, 0, 0, 0, 0, 0, 0, 0, 0),
(80, 17, 5, 0, 0, 0, 0, 0, 0, 0, 0, 0, 0, 0, 0, 0, 0),
(81, 17, 12, 0, 0, 0, 0, 0, 0, 0, 0, 0, 0, 0, 0, 0, 0),
(82, 17, 15, 0, 0, 0, 0, 0, 0, 0, 0, 0, 0, 0, 0, 0, 0),
(83, 17, 9, 0, 0, 0, 0, 0, 0, 0, 0, 0, 0, 0, 0, 0, 0),
(84, 17, 8, 0, 0, 0, 0, 0, 0, 0, 0, 0, 0, 0, 0, 0, 0),
(85, 17, 1, 1, 0, 0, 0, 1, 1, 0, 0, 0, 0, 0, 0, 0, 0),
(86, 17, 4, 0, 0, 0, 0, 0, 0, 0, 0, 0, 0, 0, 0, 0, 0),
(87, 17, 11, 0, 0, 0, 0, 0, 0, 0, 0, 0, 0, 0, 0, 0, 0),
(88, 17, 7, 0, 0, 0, 0, 0, 0, 0, 0, 0, 0, 0, 0, 0, 0),
(89, 17, 10, 0, 0, 0, 0, 0, 0, 0, 0, 0, 0, 0, 0, 0, 0),
(90, 17, 6, 0, 0, 0, 0, 0, 0, 0, 0, 0, 0, 0, 0, 0, 0),
(91, 17, 13, 0, 0, 0, 0, 0, 0, 0, 0, 0, 0, 0, 0, 0, 0),
(92, 17, 14, 0, 0, 0, 0, 0, 0, 0, 0, 0, 0, 0, 0, 0, 0),
(93, 17, 3, 0, 0, 0, 0, 0, 0, 0, 0, 0, 0, 0, 0, 0, 0),
(94, 17, 21, 1, 1, 1, 1, 1, 1, 1, 1, 1, 1, 1, 1, 1, 0),
(95, 17, 22, 1, 1, 1, 1, 1, 1, 1, 1, 1, 1, 1, 1, 0, 0),
(96, 17, 23, 1, 1, 1, 1, 1, 1, 1, 1, 1, 1, 1, 1, 0, 0),
(97, 17, 24, 1, 1, 1, 1, 1, 1, 1, 1, 1, 1, 1, 1, 0, 0),
(98, 17, 25, 0, 0, 0, 0, 0, 0, 0, 0, 0, 0, 0, 0, 0, 0),
(99, 17, 26, 0, 0, 0, 0, 0, 0, 0, 0, 0, 0, 0, 0, 0, 0),
(100, 57, 2, 0, 0, 0, 0, 0, 0, 0, 0, 0, 0, 0, 0, 0, 0),
(101, 57, 5, 0, 0, 0, 0, 0, 0, 0, 0, 0, 0, 0, 0, 0, 0),
(102, 57, 12, 0, 0, 0, 0, 0, 0, 0, 0, 0, 0, 0, 0, 0, 0),
(103, 57, 15, 0, 0, 0, 0, 0, 0, 0, 0, 0, 0, 0, 0, 0, 0),
(104, 57, 9, 0, 0, 0, 0, 0, 0, 0, 0, 0, 0, 0, 0, 0, 0),
(105, 57, 8, 0, 0, 0, 0, 0, 0, 0, 0, 0, 0, 0, 0, 0, 0),
(106, 57, 1, 1, 0, 0, 0, 1, 1, 0, 0, 0, 0, 0, 0, 0, 0),
(107, 57, 4, 0, 0, 0, 0, 0, 0, 0, 0, 0, 0, 0, 0, 0, 0),
(108, 57, 11, 0, 0, 0, 0, 0, 0, 0, 0, 0, 0, 0, 0, 0, 0),
(109, 57, 7, 0, 0, 0, 0, 0, 0, 0, 0, 0, 0, 0, 0, 0, 0),
(110, 57, 10, 0, 0, 0, 0, 0, 0, 0, 0, 0, 0, 0, 0, 0, 0),
(111, 57, 6, 0, 0, 0, 0, 0, 0, 0, 0, 0, 0, 0, 0, 0, 0),
(112, 57, 13, 0, 0, 0, 0, 0, 0, 0, 0, 0, 0, 0, 0, 0, 0),
(113, 57, 14, 0, 0, 0, 0, 0, 0, 0, 0, 0, 0, 0, 0, 0, 0),
(114, 57, 3, 0, 0, 0, 0, 0, 0, 0, 0, 0, 0, 0, 0, 0, 0),
(115, 57, 21, 0, 0, 0, 0, 0, 0, 0, 0, 0, 0, 0, 0, 0, 0),
(116, 57, 22, 0, 0, 0, 0, 0, 0, 0, 0, 0, 0, 0, 0, 0, 0),
(117, 57, 23, 1, 1, 1, 1, 1, 1, 1, 1, 1, 1, 1, 0, 0, 0),
(118, 57, 24, 1, 1, 1, 1, 1, 1, 1, 1, 1, 1, 1, 0, 0, 0),
(119, 57, 25, 0, 0, 0, 0, 0, 0, 0, 0, 0, 0, 0, 0, 0, 0),
(120, 57, 26, 0, 0, 0, 0, 0, 0, 0, 0, 0, 0, 0, 0, 0, 0),
(121, 58, 2, 0, 0, 0, 0, 0, 0, 0, 0, 0, 0, 0, 0, 0, 0),
(122, 58, 5, 0, 0, 0, 0, 0, 0, 0, 0, 0, 0, 0, 0, 0, 0),
(123, 58, 12, 0, 0, 0, 0, 0, 0, 0, 0, 0, 0, 0, 0, 0, 0),
(124, 58, 15, 0, 0, 0, 0, 0, 0, 0, 0, 0, 0, 0, 0, 0, 0),
(125, 58, 9, 0, 0, 0, 0, 0, 0, 0, 0, 0, 0, 0, 0, 0, 0),
(126, 58, 8, 0, 0, 0, 0, 0, 0, 0, 0, 0, 0, 0, 0, 0, 0),
(127, 58, 1, 1, 0, 0, 0, 1, 1, 0, 0, 0, 0, 0, 0, 0, 0),
(128, 58, 4, 0, 0, 0, 0, 0, 0, 0, 0, 0, 0, 0, 0, 0, 0),
(129, 58, 11, 0, 0, 0, 0, 0, 0, 0, 0, 0, 0, 0, 0, 0, 0),
(130, 58, 7, 0, 0, 0, 0, 0, 0, 0, 0, 0, 0, 0, 0, 0, 0),
(131, 58, 10, 0, 0, 0, 0, 0, 0, 0, 0, 0, 0, 0, 0, 0, 0),
(132, 58, 6, 0, 0, 0, 0, 0, 0, 0, 0, 0, 0, 0, 0, 0, 0),
(133, 58, 13, 0, 0, 0, 0, 0, 0, 0, 0, 0, 0, 0, 0, 0, 0),
(134, 58, 14, 0, 0, 0, 0, 0, 0, 0, 0, 0, 0, 0, 0, 0, 0),
(135, 58, 3, 0, 0, 0, 0, 0, 0, 0, 0, 0, 0, 0, 0, 0, 0),
(136, 58, 21, 1, 1, 1, 1, 1, 1, 1, 1, 1, 1, 1, 0, 0, 0),
(137, 58, 22, 0, 0, 0, 0, 0, 0, 0, 0, 0, 0, 0, 0, 0, 0),
(138, 58, 23, 0, 0, 0, 0, 0, 0, 0, 0, 0, 0, 0, 0, 0, 0),
(139, 58, 24, 0, 0, 0, 0, 0, 0, 0, 0, 0, 0, 0, 0, 0, 0),
(140, 58, 25, 0, 0, 0, 0, 0, 0, 0, 0, 0, 0, 0, 0, 0, 0),
(141, 58, 26, 0, 0, 0, 0, 0, 0, 0, 0, 0, 0, 0, 0, 0, 0),
(142, 59, 2, 0, 0, 0, 0, 0, 0, 0, 0, 0, 0, 0, 0, 0, 0),
(143, 59, 5, 0, 0, 0, 0, 0, 0, 0, 0, 0, 0, 0, 0, 0, 0),
(144, 59, 12, 0, 0, 0, 0, 0, 0, 0, 0, 0, 0, 0, 0, 0, 0),
(145, 59, 15, 0, 0, 0, 0, 0, 0, 0, 0, 0, 0, 0, 0, 0, 0),
(146, 59, 9, 0, 0, 0, 0, 0, 0, 0, 0, 0, 0, 0, 0, 0, 0),
(147, 59, 8, 0, 0, 0, 0, 0, 0, 0, 0, 0, 0, 0, 0, 0, 0),
(148, 59, 1, 1, 0, 0, 0, 1, 1, 0, 0, 0, 0, 0, 0, 0, 0),
(149, 59, 4, 0, 0, 0, 0, 0, 0, 0, 0, 0, 0, 0, 0, 0, 0),
(150, 59, 11, 0, 0, 0, 0, 0, 0, 0, 0, 0, 0, 0, 0, 0, 0),
(151, 59, 7, 0, 0, 0, 0, 0, 0, 0, 0, 0, 0, 0, 0, 0, 0),
(152, 59, 10, 0, 0, 0, 0, 0, 0, 0, 0, 0, 0, 0, 0, 0, 0),
(153, 59, 6, 0, 0, 0, 0, 0, 0, 0, 0, 0, 0, 0, 0, 0, 0),
(154, 59, 13, 0, 0, 0, 0, 0, 0, 0, 0, 0, 0, 0, 0, 0, 0),
(155, 59, 14, 0, 0, 0, 0, 0, 0, 0, 0, 0, 0, 0, 0, 0, 0),
(156, 59, 3, 0, 0, 0, 0, 0, 0, 0, 0, 0, 0, 0, 0, 0, 0),
(157, 59, 21, 0, 0, 0, 0, 0, 0, 0, 0, 0, 0, 0, 0, 0, 0),
(158, 59, 22, 1, 1, 1, 1, 1, 1, 1, 1, 1, 1, 1, 0, 0, 0),
(159, 59, 23, 0, 0, 0, 0, 0, 0, 0, 0, 0, 0, 0, 0, 0, 0),
(160, 59, 24, 0, 0, 0, 0, 0, 0, 0, 0, 0, 0, 0, 0, 0, 0),
(161, 59, 25, 0, 0, 0, 0, 0, 0, 0, 0, 0, 0, 0, 0, 0, 0),
(162, 59, 26, 0, 0, 0, 0, 0, 0, 0, 0, 0, 0, 0, 0, 0, 0),
(163, 84, 2, 0, 0, 0, 0, 0, 0, 0, 0, 0, 0, 0, 0, 0, 0),
(164, 84, 5, 0, 0, 0, 0, 0, 0, 0, 0, 0, 0, 0, 0, 0, 0),
(165, 84, 12, 0, 0, 0, 0, 0, 0, 0, 0, 0, 0, 0, 0, 0, 0),
(166, 84, 15, 0, 0, 0, 0, 0, 0, 0, 0, 0, 0, 0, 0, 0, 0),
(167, 84, 9, 0, 0, 0, 0, 0, 0, 0, 0, 0, 0, 0, 0, 0, 0),
(168, 84, 8, 0, 0, 0, 0, 0, 0, 0, 0, 0, 0, 0, 0, 0, 0),
(169, 84, 1, 1, 0, 0, 0, 1, 1, 0, 0, 0, 0, 0, 0, 0, 0),
(170, 84, 4, 0, 0, 0, 0, 0, 0, 0, 0, 0, 0, 0, 0, 0, 0),
(171, 84, 11, 0, 0, 0, 0, 0, 0, 0, 0, 0, 0, 0, 0, 0, 0),
(172, 84, 7, 0, 0, 0, 0, 0, 0, 0, 0, 0, 0, 0, 0, 0, 0),
(173, 84, 10, 0, 0, 0, 0, 0, 0, 0, 0, 0, 0, 0, 0, 0, 0),
(174, 84, 6, 0, 0, 0, 0, 0, 0, 0, 0, 0, 0, 0, 0, 0, 0),
(175, 84, 13, 0, 0, 0, 0, 0, 0, 0, 0, 0, 0, 0, 0, 0, 0),
(176, 84, 14, 0, 0, 0, 0, 0, 0, 0, 0, 0, 0, 0, 0, 0, 0),
(177, 84, 3, 0, 0, 0, 0, 0, 0, 0, 0, 0, 0, 0, 0, 0, 0),
(178, 84, 21, 1, 1, 1, 1, 1, 1, 1, 1, 1, 1, 1, 0, 0, 0),
(179, 84, 22, 0, 0, 0, 0, 0, 0, 0, 0, 0, 0, 0, 0, 0, 0),
(180, 84, 23, 0, 0, 0, 0, 0, 0, 0, 0, 0, 0, 0, 0, 0, 0),
(181, 84, 24, 0, 0, 0, 0, 0, 0, 0, 0, 0, 0, 0, 0, 0, 0),
(182, 84, 25, 0, 0, 0, 0, 0, 0, 0, 0, 0, 0, 0, 0, 0, 0),
(183, 84, 26, 0, 0, 0, 0, 0, 0, 0, 0, 0, 0, 0, 0, 0, 0),
(184, 100, 2, 0, 0, 0, 0, 0, 0, 0, 0, 0, 0, 0, 0, 0, 0),
(185, 100, 5, 0, 0, 0, 0, 0, 0, 0, 0, 0, 0, 0, 0, 0, 0),
(186, 100, 12, 0, 0, 0, 0, 0, 0, 0, 0, 0, 0, 0, 0, 0, 0),
(187, 100, 15, 0, 0, 0, 0, 0, 0, 0, 0, 0, 0, 0, 0, 0, 0),
(188, 100, 9, 0, 0, 0, 0, 0, 0, 0, 0, 0, 0, 0, 0, 0, 0),
(189, 100, 8, 0, 0, 0, 0, 0, 0, 0, 0, 0, 0, 0, 0, 0, 0),
(190, 100, 1, 1, 0, 0, 0, 1, 1, 0, 0, 0, 0, 0, 0, 0, 0),
(191, 100, 4, 0, 0, 0, 0, 0, 0, 0, 0, 0, 0, 0, 0, 0, 0),
(192, 100, 11, 0, 0, 0, 0, 0, 0, 0, 0, 0, 0, 0, 0, 0, 0),
(193, 100, 7, 0, 0, 0, 0, 0, 0, 0, 0, 0, 0, 0, 0, 0, 0),
(194, 100, 10, 0, 0, 0, 0, 0, 0, 0, 0, 0, 0, 0, 0, 0, 0),
(195, 100, 6, 0, 0, 0, 0, 0, 0, 0, 0, 0, 0, 0, 0, 0, 0),
(196, 100, 13, 0, 0, 0, 0, 0, 0, 0, 0, 0, 0, 0, 0, 0, 0),
(197, 100, 14, 0, 0, 0, 0, 0, 0, 0, 0, 0, 0, 0, 0, 0, 0),
(198, 100, 3, 0, 0, 0, 0, 0, 0, 0, 0, 0, 0, 0, 0, 0, 0),
(199, 100, 21, 0, 0, 0, 0, 0, 0, 0, 0, 0, 0, 0, 0, 0, 0),
(200, 100, 22, 0, 0, 0, 0, 0, 0, 0, 0, 0, 0, 0, 0, 0, 0),
(201, 100, 23, 1, 1, 1, 1, 1, 1, 1, 1, 1, 1, 1, 0, 0, 0),
(202, 100, 24, 1, 1, 1, 1, 1, 1, 1, 1, 1, 1, 1, 0, 0, 0),
(203, 100, 25, 0, 0, 0, 0, 0, 0, 0, 0, 0, 0, 0, 0, 0, 0),
(204, 100, 26, 0, 0, 0, 0, 0, 0, 0, 0, 0, 0, 0, 0, 0, 0),
(205, 101, 2, 0, 0, 0, 0, 0, 0, 0, 0, 0, 0, 0, 0, 0, 0),
(206, 101, 5, 0, 0, 0, 0, 0, 0, 0, 0, 0, 0, 0, 0, 0, 0),
(207, 101, 12, 0, 0, 0, 0, 0, 0, 0, 0, 0, 0, 0, 0, 0, 0),
(208, 101, 15, 0, 0, 0, 0, 0, 0, 0, 0, 0, 0, 0, 0, 0, 0),
(209, 101, 9, 0, 0, 0, 0, 0, 0, 0, 0, 0, 0, 0, 0, 0, 0),
(210, 101, 8, 0, 0, 0, 0, 0, 0, 0, 0, 0, 0, 0, 0, 0, 0),
(211, 101, 1, 1, 0, 0, 0, 1, 1, 0, 0, 0, 0, 0, 0, 0, 0),
(212, 101, 4, 0, 0, 0, 0, 0, 0, 0, 0, 0, 0, 0, 0, 0, 0),
(213, 101, 11, 0, 0, 0, 0, 0, 0, 0, 0, 0, 0, 0, 0, 0, 0),
(214, 101, 7, 0, 0, 0, 0, 0, 0, 0, 0, 0, 0, 0, 0, 0, 0),
(215, 101, 10, 0, 0, 0, 0, 0, 0, 0, 0, 0, 0, 0, 0, 0, 0),
(216, 101, 6, 0, 0, 0, 0, 0, 0, 0, 0, 0, 0, 0, 0, 0, 0),
(217, 101, 13, 0, 0, 0, 0, 0, 0, 0, 0, 0, 0, 0, 0, 0, 0),
(218, 101, 14, 0, 0, 0, 0, 0, 0, 0, 0, 0, 0, 0, 0, 0, 0),
(219, 101, 3, 0, 0, 0, 0, 0, 0, 0, 0, 0, 0, 0, 0, 0, 0),
(220, 101, 21, 1, 1, 1, 1, 1, 1, 1, 1, 1, 1, 1, 0, 0, 0),
(221, 101, 22, 0, 0, 0, 0, 0, 0, 0, 0, 0, 0, 0, 0, 0, 0),
(222, 101, 23, 0, 0, 0, 0, 0, 0, 0, 0, 0, 0, 0, 0, 0, 0),
(223, 101, 24, 0, 0, 0, 0, 0, 0, 0, 0, 0, 0, 0, 0, 0, 0),
(224, 101, 25, 0, 0, 0, 0, 0, 0, 0, 0, 0, 0, 0, 0, 0, 0),
(225, 101, 26, 0, 0, 0, 0, 0, 0, 0, 0, 0, 0, 0, 0, 0, 0),
(226, 78, 2, 0, 0, 0, 0, 0, 0, 0, 0, 0, 0, 0, 0, 0, 0),
(227, 78, 5, 0, 0, 0, 0, 0, 0, 0, 0, 0, 0, 0, 0, 0, 0),
(228, 78, 12, 0, 0, 0, 0, 0, 0, 0, 0, 0, 0, 0, 0, 0, 0),
(229, 78, 15, 0, 0, 0, 0, 0, 0, 0, 0, 0, 0, 0, 0, 0, 0),
(230, 78, 9, 0, 0, 0, 0, 0, 0, 0, 0, 0, 0, 0, 0, 0, 0),
(231, 78, 8, 0, 0, 0, 0, 0, 0, 0, 0, 0, 0, 0, 0, 0, 0),
(232, 78, 1, 1, 0, 0, 0, 1, 1, 0, 0, 0, 0, 0, 0, 0, 0),
(233, 78, 4, 0, 0, 0, 0, 0, 0, 0, 0, 0, 0, 0, 0, 0, 0),
(234, 78, 11, 0, 0, 0, 0, 0, 0, 0, 0, 0, 0, 0, 0, 0, 0),
(235, 78, 7, 0, 0, 0, 0, 0, 0, 0, 0, 0, 0, 0, 0, 0, 0),
(236, 78, 10, 0, 0, 0, 0, 0, 0, 0, 0, 0, 0, 0, 0, 0, 0),
(237, 78, 6, 0, 0, 0, 0, 0, 0, 0, 0, 0, 0, 0, 0, 0, 0),
(238, 78, 13, 0, 0, 0, 0, 0, 0, 0, 0, 0, 0, 0, 0, 0, 0),
(239, 78, 14, 0, 0, 0, 0, 0, 0, 0, 0, 0, 0, 0, 0, 0, 0),
(240, 78, 3, 0, 0, 0, 0, 0, 0, 0, 0, 0, 0, 0, 0, 0, 0),
(241, 78, 21, 1, 1, 1, 1, 1, 1, 1, 1, 1, 1, 1, 0, 0, 0),
(242, 78, 22, 0, 0, 0, 0, 0, 0, 0, 0, 0, 0, 0, 0, 0, 0),
(243, 78, 23, 0, 0, 0, 0, 0, 0, 0, 0, 0, 0, 0, 0, 0, 0),
(244, 78, 24, 0, 0, 0, 0, 0, 0, 0, 0, 0, 0, 0, 0, 0, 0),
(245, 78, 25, 0, 0, 0, 0, 0, 0, 0, 0, 0, 0, 0, 0, 0, 0),
(246, 78, 26, 0, 0, 0, 0, 0, 0, 0, 0, 0, 0, 0, 0, 0, 0),
(247, 102, 2, 0, 0, 0, 0, 0, 0, 0, 0, 0, 0, 0, 0, 0, 0),
(248, 102, 5, 0, 0, 0, 0, 0, 0, 0, 0, 0, 0, 0, 0, 0, 0),
(249, 102, 12, 0, 0, 0, 0, 0, 0, 0, 0, 0, 0, 0, 0, 0, 0),
(250, 102, 15, 0, 0, 0, 0, 0, 0, 0, 0, 0, 0, 0, 0, 0, 0),
(251, 102, 9, 0, 0, 0, 0, 0, 0, 0, 0, 0, 0, 0, 0, 0, 0),
(252, 102, 8, 0, 0, 0, 0, 0, 0, 0, 0, 0, 0, 0, 0, 0, 0),
(253, 102, 1, 1, 0, 0, 0, 0, 0, 0, 0, 0, 0, 0, 0, 0, 0),
(254, 102, 4, 0, 0, 0, 0, 0, 0, 0, 0, 0, 0, 0, 0, 0, 0),
(255, 102, 11, 0, 0, 0, 0, 0, 0, 0, 0, 0, 0, 0, 0, 0, 0),
(256, 102, 7, 0, 0, 0, 0, 0, 0, 0, 0, 0, 0, 0, 0, 0, 0),
(257, 102, 10, 0, 0, 0, 0, 0, 0, 0, 0, 0, 0, 0, 0, 0, 0),
(258, 102, 6, 0, 0, 0, 0, 0, 0, 0, 0, 0, 0, 0, 0, 0, 0),
(259, 102, 13, 0, 0, 0, 0, 0, 0, 0, 0, 0, 0, 0, 0, 0, 0),
(260, 102, 14, 0, 0, 0, 0, 0, 0, 0, 0, 0, 0, 0, 0, 0, 0),
(261, 102, 3, 0, 0, 0, 0, 0, 0, 0, 0, 0, 0, 0, 0, 0, 0),
(262, 102, 21, 1, 1, 1, 1, 1, 1, 1, 1, 1, 1, 1, 1, 0, 0),
(263, 102, 22, 1, 1, 1, 1, 1, 1, 1, 1, 1, 1, 1, 1, 0, 0),
(264, 102, 23, 1, 1, 1, 1, 1, 1, 1, 1, 1, 1, 1, 1, 0, 0),
(265, 102, 24, 1, 1, 1, 1, 1, 1, 1, 1, 1, 1, 1, 1, 0, 0),
(266, 102, 25, 1, 1, 1, 1, 1, 1, 1, 1, 1, 1, 1, 1, 0, 0),
(267, 102, 26, 1, 1, 1, 1, 1, 1, 1, 1, 1, 1, 1, 1, 0, 0),
(268, 103, 2, 0, 0, 0, 0, 0, 0, 0, 0, 0, 0, 0, 0, 0, 0),
(269, 103, 5, 1, 1, 1, 1, 1, 1, 1, 1, 1, 1, 1, 0, 0, 0),
(270, 103, 12, 0, 0, 0, 0, 0, 0, 0, 0, 0, 0, 0, 0, 0, 0),
(271, 103, 15, 0, 0, 0, 0, 0, 0, 0, 0, 0, 0, 0, 0, 0, 0),
(272, 103, 9, 0, 0, 0, 0, 0, 0, 0, 0, 0, 0, 0, 0, 0, 0),
(273, 103, 8, 0, 0, 0, 0, 0, 0, 0, 0, 0, 0, 0, 0, 0, 0),
(274, 103, 1, 1, 0, 0, 0, 1, 1, 0, 0, 0, 0, 0, 0, 0, 0),
(275, 103, 4, 0, 0, 0, 0, 0, 0, 0, 0, 0, 0, 0, 0, 0, 0),
(276, 103, 11, 0, 0, 0, 0, 0, 0, 0, 0, 0, 0, 0, 0, 0, 0),
(277, 103, 7, 0, 0, 0, 0, 0, 0, 0, 0, 0, 0, 0, 0, 0, 0),
(278, 103, 10, 0, 0, 0, 0, 0, 0, 0, 0, 0, 0, 0, 0, 0, 0),
(279, 103, 6, 0, 0, 0, 0, 0, 0, 0, 0, 0, 0, 0, 0, 0, 0),
(280, 103, 13, 0, 0, 0, 0, 0, 0, 0, 0, 0, 0, 0, 0, 0, 0),
(281, 103, 14, 0, 0, 0, 0, 0, 0, 0, 0, 0, 0, 0, 0, 0, 0),
(282, 103, 3, 0, 0, 0, 0, 0, 0, 0, 0, 0, 0, 0, 0, 0, 0),
(283, 103, 21, 0, 0, 0, 0, 0, 0, 0, 0, 0, 0, 0, 0, 0, 0),
(284, 103, 22, 0, 0, 0, 0, 0, 0, 0, 0, 0, 0, 0, 0, 0, 0),
(285, 103, 23, 1, 1, 1, 1, 1, 1, 1, 1, 1, 1, 1, 0, 0, 0),
(286, 103, 24, 1, 1, 1, 1, 1, 1, 1, 1, 1, 1, 1, 0, 0, 1),
(287, 103, 25, 0, 0, 0, 0, 0, 0, 0, 0, 0, 0, 0, 0, 0, 0),
(288, 103, 26, 0, 0, 0, 0, 0, 0, 0, 0, 0, 0, 0, 0, 0, 0),
(289, 104, 2, 0, 0, 0, 0, 0, 0, 0, 0, 0, 0, 0, 0, 0, 0),
(290, 104, 5, 1, 1, 1, 1, 1, 1, 1, 1, 1, 1, 1, 0, 0, 0),
(291, 104, 12, 0, 0, 0, 0, 0, 0, 0, 0, 0, 0, 0, 0, 0, 0),
(292, 104, 15, 0, 0, 0, 0, 0, 0, 0, 0, 0, 0, 0, 0, 0, 0),
(293, 104, 9, 0, 0, 0, 0, 0, 0, 0, 0, 0, 0, 0, 0, 0, 0),
(294, 104, 8, 0, 0, 0, 0, 0, 0, 0, 0, 0, 0, 0, 0, 0, 0),
(295, 104, 1, 1, 0, 0, 0, 1, 1, 0, 0, 0, 0, 0, 0, 0, 0),
(296, 104, 4, 0, 0, 0, 0, 0, 0, 0, 0, 0, 0, 0, 0, 0, 0),
(297, 104, 11, 0, 0, 0, 0, 0, 0, 0, 0, 0, 0, 0, 0, 0, 0),
(298, 104, 7, 0, 0, 0, 0, 0, 0, 0, 0, 0, 0, 0, 0, 0, 0),
(299, 104, 10, 0, 0, 0, 0, 0, 0, 0, 0, 0, 0, 0, 0, 0, 0),
(300, 104, 6, 0, 0, 0, 0, 0, 0, 0, 0, 0, 0, 0, 0, 0, 0),
(301, 104, 13, 0, 0, 0, 0, 0, 0, 0, 0, 0, 0, 0, 0, 0, 0),
(302, 104, 14, 0, 0, 0, 0, 0, 0, 0, 0, 0, 0, 0, 0, 0, 0),
(303, 104, 3, 0, 0, 0, 0, 0, 0, 0, 0, 0, 0, 0, 0, 0, 0),
(304, 104, 21, 1, 1, 1, 1, 1, 1, 1, 1, 1, 1, 1, 0, 0, 0),
(305, 104, 22, 0, 0, 0, 0, 0, 0, 0, 0, 0, 0, 0, 0, 0, 0),
(306, 104, 23, 0, 0, 0, 0, 0, 0, 0, 0, 0, 0, 0, 0, 0, 0),
(307, 104, 24, 0, 0, 0, 0, 0, 0, 0, 0, 0, 0, 0, 0, 0, 0),
(308, 104, 25, 0, 0, 0, 0, 0, 0, 0, 0, 0, 0, 0, 0, 0, 0),
(309, 104, 26, 0, 0, 0, 0, 0, 0, 0, 0, 0, 0, 0, 0, 0, 0),
(310, 1, 27, 1, 1, 0, 0, 0, 0, 0, 1, 0, 0, 0, 0, 0, 0),
(311, 1, 21, 1, 0, 0, 0, 0, 0, 0, 1, 0, 0, 0, 0, 0, 0),
(312, 1, 22, 1, 0, 0, 0, 0, 0, 0, 1, 0, 0, 0, 0, 0, 0),
(313, 1, 23, 1, 0, 0, 0, 0, 0, 0, 1, 0, 0, 0, 0, 0, 0),
(314, 1, 24, 1, 0, 0, 0, 0, 0, 0, 1, 0, 0, 0, 0, 0, 0),
(315, 1, 25, 1, 0, 0, 0, 0, 0, 0, 1, 0, 0, 0, 0, 0, 0),
(316, 1, 26, 1, 0, 0, 0, 0, 0, 0, 1, 0, 0, 0, 0, 0, 0),
(317, 1, 0, 0, 0, 0, 0, 0, 0, 0, 0, 0, 0, 0, 0, 0, 0),
(318, 24, 27, 1, 1, 1, 1, 1, 1, 1, 1, 1, 1, 1, 1, 1, 1),
(319, 24, 0, 0, 0, 0, 0, 0, 0, 0, 0, 0, 0, 0, 0, 0, 0),
(320, 96, 27, 1, 1, 1, 1, 1, 1, 1, 1, 1, 1, 1, 1, 1, 1),
(321, 96, 0, 0, 0, 0, 0, 0, 0, 0, 0, 0, 0, 0, 0, 0, 0),
(322, 17, 27, 1, 1, 1, 1, 1, 1, 1, 1, 1, 1, 1, 1, 1, 1),
(323, 17, 0, 0, 0, 0, 0, 0, 0, 0, 0, 0, 0, 0, 0, 0, 0),
(324, 105, 1, 0, 0, 0, 0, 0, 0, 0, 0, 0, 0, 0, 0, 0, 0),
(325, 105, 2, 0, 0, 0, 0, 0, 0, 0, 0, 0, 0, 0, 0, 0, 0),
(326, 105, 3, 0, 0, 0, 0, 0, 0, 0, 0, 0, 0, 0, 0, 0, 0),
(327, 105, 4, 0, 0, 0, 0, 0, 0, 0, 0, 0, 0, 0, 0, 0, 0),
(328, 105, 5, 0, 0, 0, 0, 0, 0, 0, 0, 0, 0, 0, 0, 0, 0),
(329, 105, 6, 0, 0, 0, 0, 0, 0, 0, 0, 0, 0, 0, 0, 0, 0),
(330, 105, 7, 0, 0, 0, 0, 0, 0, 0, 0, 0, 0, 0, 0, 0, 0),
(331, 105, 8, 0, 0, 0, 0, 0, 0, 0, 0, 0, 0, 0, 0, 0, 0),
(332, 105, 9, 0, 0, 0, 0, 0, 0, 0, 0, 0, 0, 0, 0, 0, 0),
(333, 105, 10, 0, 0, 0, 0, 0, 0, 0, 0, 0, 0, 0, 0, 0, 0),
(334, 105, 11, 0, 0, 0, 0, 0, 0, 0, 0, 0, 0, 0, 0, 0, 0),
(335, 105, 12, 0, 0, 0, 0, 0, 0, 0, 0, 0, 0, 0, 0, 0, 0),
(336, 105, 13, 0, 0, 0, 0, 0, 0, 0, 0, 0, 0, 0, 0, 0, 0),
(337, 105, 14, 0, 0, 0, 0, 0, 0, 0, 0, 0, 0, 0, 0, 0, 0),
(338, 105, 15, 0, 0, 0, 0, 0, 0, 0, 0, 0, 0, 0, 0, 0, 0),
(339, 105, 21, 0, 0, 0, 0, 0, 0, 0, 0, 0, 0, 0, 0, 0, 0),
(340, 105, 22, 0, 0, 0, 0, 0, 0, 0, 0, 0, 0, 0, 0, 0, 0),
(341, 105, 23, 0, 0, 0, 0, 0, 0, 0, 0, 0, 0, 0, 0, 0, 0),
(342, 105, 24, 0, 0, 0, 0, 0, 0, 0, 0, 0, 0, 0, 0, 0, 0),
(343, 105, 25, 0, 0, 0, 0, 0, 0, 0, 0, 0, 0, 0, 0, 0, 0),
(344, 105, 26, 0, 0, 0, 0, 0, 0, 0, 0, 0, 0, 0, 0, 0, 0),
(345, 105, 27, 1, 1, 1, 1, 1, 1, 1, 1, 1, 1, 1, 1, 1, 1),
(346, 105, 0, 0, 0, 0, 0, 0, 0, 0, 0, 0, 0, 0, 0, 0, 0),
(347, 107, 1, 1, 0, 0, 0, 1, 1, 0, 0, 0, 0, 0, 0, 0, 0),
(348, 107, 2, 0, 0, 0, 0, 0, 0, 0, 0, 0, 0, 0, 0, 0, 0),
(349, 107, 3, 0, 0, 0, 0, 0, 0, 0, 0, 0, 0, 0, 0, 0, 0),
(350, 107, 4, 0, 0, 0, 0, 0, 0, 0, 0, 0, 0, 0, 0, 0, 0),
(351, 107, 5, 0, 0, 0, 0, 0, 0, 0, 0, 0, 0, 0, 0, 0, 0),
(352, 107, 6, 0, 0, 0, 0, 0, 0, 0, 0, 0, 0, 0, 0, 0, 0),
(353, 107, 7, 0, 0, 0, 0, 0, 0, 0, 0, 0, 0, 0, 0, 0, 0),
(354, 107, 8, 0, 0, 0, 0, 0, 0, 0, 0, 0, 0, 0, 0, 0, 0),
(355, 107, 9, 0, 0, 0, 0, 0, 0, 0, 0, 0, 0, 0, 0, 0, 0),
(356, 107, 10, 0, 0, 0, 0, 0, 0, 0, 0, 0, 0, 0, 0, 0, 0),
(357, 107, 11, 0, 0, 0, 0, 0, 0, 0, 0, 0, 0, 0, 0, 0, 0),
(358, 107, 12, 0, 0, 0, 0, 0, 0, 0, 0, 0, 0, 0, 0, 0, 0),
(359, 107, 13, 0, 0, 0, 0, 0, 0, 0, 0, 0, 0, 0, 0, 0, 0),
(360, 107, 14, 0, 0, 0, 0, 0, 0, 0, 0, 0, 0, 0, 0, 0, 0),
(361, 107, 15, 0, 0, 0, 0, 0, 0, 0, 0, 0, 0, 0, 0, 0, 0),
(362, 107, 21, 1, 1, 1, 1, 1, 1, 1, 1, 1, 1, 1, 1, 0, 0),
(363, 107, 22, 1, 1, 1, 1, 1, 1, 1, 0, 1, 1, 1, 1, 0, 0),
(364, 107, 23, 1, 1, 1, 1, 1, 1, 1, 1, 1, 1, 1, 1, 0, 0),
(365, 107, 24, 1, 1, 1, 1, 1, 1, 1, 1, 1, 1, 1, 1, 0, 0),
(366, 107, 25, 1, 1, 1, 1, 1, 1, 1, 1, 1, 1, 1, 1, 0, 0),
(367, 107, 26, 1, 1, 1, 1, 1, 1, 1, 1, 1, 1, 1, 1, 0, 0),
(368, 107, 27, 1, 0, 0, 0, 0, 0, 0, 0, 0, 0, 0, 0, 0, 0),
(369, 107, 0, 0, 0, 0, 0, 0, 0, 0, 0, 0, 0, 0, 0, 0, 0),
(370, 54, 1, 0, 0, 0, 0, 0, 0, 0, 0, 0, 0, 0, 0, 0, 0),
(371, 54, 2, 0, 0, 0, 0, 0, 0, 0, 0, 0, 0, 0, 0, 0, 0),
(372, 54, 3, 0, 0, 0, 0, 0, 0, 0, 0, 0, 0, 0, 0, 0, 0),
(373, 54, 4, 0, 0, 0, 0, 0, 0, 0, 0, 0, 0, 0, 0, 0, 0),
(374, 54, 5, 0, 0, 0, 0, 0, 0, 0, 0, 0, 0, 0, 0, 0, 0),
(375, 54, 6, 0, 0, 0, 0, 0, 0, 0, 0, 0, 0, 0, 0, 0, 0),
(376, 54, 7, 0, 0, 0, 0, 0, 0, 0, 0, 0, 0, 0, 0, 0, 0),
(377, 54, 8, 0, 0, 0, 0, 0, 0, 0, 0, 0, 0, 0, 0, 0, 0),
(378, 54, 9, 0, 0, 0, 0, 0, 0, 0, 0, 0, 0, 0, 0, 0, 0),
(379, 54, 10, 0, 0, 0, 0, 0, 0, 0, 0, 0, 0, 0, 0, 0, 0),
(380, 54, 11, 0, 0, 0, 0, 0, 0, 0, 0, 0, 0, 0, 0, 0, 0),
(381, 54, 12, 0, 0, 0, 0, 0, 0, 0, 0, 0, 0, 0, 0, 0, 0),
(382, 54, 13, 0, 0, 0, 0, 0, 0, 0, 0, 0, 0, 0, 0, 0, 0),
(383, 54, 14, 0, 0, 0, 0, 0, 0, 0, 0, 0, 0, 0, 0, 0, 0),
(384, 54, 15, 0, 0, 0, 0, 0, 0, 0, 0, 0, 0, 0, 0, 0, 0),
(385, 54, 21, 0, 0, 0, 0, 0, 0, 0, 0, 0, 0, 0, 0, 0, 0),
(386, 54, 22, 0, 0, 0, 0, 0, 0, 0, 0, 0, 0, 0, 0, 0, 0),
(387, 54, 23, 0, 0, 0, 0, 0, 0, 0, 0, 0, 0, 0, 0, 0, 0),
(388, 54, 24, 0, 0, 0, 0, 0, 0, 0, 0, 0, 0, 0, 0, 0, 0),
(389, 54, 25, 0, 0, 0, 0, 0, 0, 0, 0, 0, 0, 0, 0, 0, 0),
(390, 54, 26, 0, 0, 0, 0, 0, 0, 0, 0, 0, 0, 0, 0, 0, 0),
(391, 54, 27, 1, 0, 0, 0, 0, 0, 0, 0, 0, 0, 0, 0, 0, 0),
(392, 54, 0, 0, 0, 0, 0, 0, 0, 0, 0, 0, 0, 0, 0, 0, 0),
(393, 34, 2, 0, 0, 0, 0, 0, 0, 0, 0, 0, 0, 0, 0, 0, 0),
(394, 34, 5, 0, 0, 0, 0, 0, 0, 0, 0, 0, 0, 0, 0, 0, 0),
(395, 34, 12, 0, 0, 0, 0, 0, 0, 0, 0, 0, 0, 0, 0, 0, 0),
(396, 34, 15, 0, 0, 0, 0, 0, 0, 0, 0, 0, 0, 0, 0, 0, 0),
(397, 34, 9, 0, 0, 0, 0, 0, 0, 0, 0, 0, 0, 0, 0, 0, 0),
(398, 34, 8, 0, 0, 0, 0, 0, 0, 0, 0, 0, 0, 0, 0, 0, 0),
(399, 34, 1, 1, 0, 0, 0, 1, 1, 0, 0, 0, 0, 0, 0, 0, 0),
(400, 34, 4, 0, 0, 0, 0, 0, 0, 0, 0, 0, 0, 0, 0, 0, 0),
(401, 34, 11, 0, 0, 0, 0, 0, 0, 0, 0, 0, 0, 0, 0, 0, 0),
(402, 34, 7, 0, 0, 0, 0, 0, 0, 0, 0, 0, 0, 0, 0, 0, 0),
(403, 34, 10, 0, 0, 0, 0, 0, 0, 0, 0, 0, 0, 0, 0, 0, 0),
(404, 34, 6, 0, 0, 0, 0, 0, 0, 0, 0, 0, 0, 0, 0, 0, 0),
(405, 34, 13, 0, 0, 0, 0, 0, 0, 0, 0, 0, 0, 0, 0, 0, 0),
(406, 34, 14, 0, 0, 0, 0, 0, 0, 0, 0, 0, 0, 0, 0, 0, 0),
(407, 34, 27, 0, 0, 0, 0, 0, 0, 0, 0, 0, 0, 0, 0, 0, 0),
(408, 34, 3, 0, 0, 0, 0, 0, 0, 0, 0, 0, 0, 0, 0, 0, 0),
(409, 34, 21, 0, 0, 0, 0, 0, 0, 0, 0, 0, 0, 0, 0, 0, 0),
(410, 34, 22, 0, 0, 0, 0, 0, 0, 0, 0, 0, 0, 0, 0, 0, 0),
(411, 34, 23, 1, 1, 1, 1, 1, 1, 1, 1, 1, 1, 1, 0, 0, 0),
(412, 34, 24, 1, 1, 1, 1, 1, 1, 1, 1, 1, 1, 1, 0, 0, 0),
(413, 34, 25, 0, 0, 0, 0, 0, 0, 0, 0, 0, 0, 0, 0, 0, 0),
(414, 34, 26, 0, 0, 0, 0, 0, 0, 0, 0, 0, 0, 0, 0, 0, 0),
(415, 139, 1, 0, 0, 0, 0, 0, 0, 0, 0, 0, 0, 0, 0, 0, 0),
(416, 139, 2, 0, 0, 0, 0, 0, 0, 0, 0, 0, 0, 0, 0, 0, 0),
(417, 139, 3, 0, 0, 0, 0, 0, 0, 0, 0, 0, 0, 0, 0, 0, 0),
(418, 139, 4, 0, 0, 0, 0, 0, 0, 0, 0, 0, 0, 0, 0, 0, 0),
(419, 139, 5, 0, 0, 0, 0, 0, 0, 0, 0, 0, 0, 0, 0, 0, 0),
(420, 139, 6, 0, 0, 0, 0, 0, 0, 0, 0, 0, 0, 0, 0, 0, 0),
(421, 139, 7, 0, 0, 0, 0, 0, 0, 0, 0, 0, 0, 0, 0, 0, 0),
(422, 139, 8, 0, 0, 0, 0, 0, 0, 0, 0, 0, 0, 0, 0, 0, 0),
(423, 139, 9, 0, 0, 0, 0, 0, 0, 0, 0, 0, 0, 0, 0, 0, 0),
(424, 139, 10, 0, 0, 0, 0, 0, 0, 0, 0, 0, 0, 0, 0, 0, 0),
(425, 139, 11, 0, 0, 0, 0, 0, 0, 0, 0, 0, 0, 0, 0, 0, 0),
(426, 139, 12, 0, 0, 0, 0, 0, 0, 0, 0, 0, 0, 0, 0, 0, 0),
(427, 139, 13, 0, 0, 0, 0, 0, 0, 0, 0, 0, 0, 0, 0, 0, 0),
(428, 139, 14, 0, 0, 0, 0, 0, 0, 0, 0, 0, 0, 0, 0, 0, 0),
(429, 139, 15, 0, 0, 0, 0, 0, 0, 0, 0, 0, 0, 0, 0, 0, 0),
(430, 139, 21, 0, 0, 0, 0, 0, 0, 0, 0, 0, 0, 0, 0, 0, 0),
(431, 139, 22, 0, 0, 0, 0, 0, 0, 0, 0, 0, 0, 0, 0, 0, 0),
(432, 139, 23, 0, 0, 0, 0, 0, 0, 0, 0, 0, 0, 0, 0, 0, 0),
(433, 139, 24, 0, 0, 0, 0, 0, 0, 0, 0, 0, 0, 0, 0, 0, 0),
(434, 139, 25, 0, 0, 0, 0, 0, 0, 0, 0, 0, 0, 0, 0, 0, 0),
(435, 139, 26, 0, 0, 0, 0, 0, 0, 0, 0, 0, 0, 0, 0, 0, 0),
(436, 139, 27, 0, 0, 0, 0, 0, 0, 0, 0, 0, 0, 0, 0, 0, 0),
(437, 140, 2, 0, 0, 0, 0, 0, 0, 0, 0, 0, 0, 0, 0, 0, 0),
(438, 140, 5, 0, 0, 0, 0, 0, 0, 0, 0, 0, 0, 0, 0, 0, 0),
(439, 140, 12, 0, 0, 0, 0, 0, 0, 0, 0, 0, 0, 0, 0, 0, 0),
(440, 140, 15, 0, 0, 0, 0, 0, 0, 0, 0, 0, 0, 0, 0, 0, 0),
(441, 140, 9, 0, 0, 0, 0, 0, 0, 0, 0, 0, 0, 0, 0, 0, 0),
(442, 140, 8, 0, 0, 0, 0, 0, 0, 0, 0, 0, 0, 0, 0, 0, 0),
(443, 140, 1, 0, 0, 0, 0, 0, 0, 0, 0, 0, 0, 0, 0, 0, 0),
(444, 140, 4, 0, 0, 0, 0, 0, 0, 0, 0, 0, 0, 0, 0, 0, 0),
(445, 140, 11, 0, 0, 0, 0, 0, 0, 0, 0, 0, 0, 0, 0, 0, 0),
(446, 140, 7, 0, 0, 0, 0, 0, 0, 0, 0, 0, 0, 0, 0, 0, 0),
(447, 140, 10, 0, 0, 0, 0, 0, 0, 0, 0, 0, 0, 0, 0, 0, 0),
(448, 140, 6, 0, 0, 0, 0, 0, 0, 0, 0, 0, 0, 0, 0, 0, 0),
(449, 140, 13, 0, 0, 0, 0, 0, 0, 0, 0, 0, 0, 0, 0, 0, 0),
(450, 140, 14, 0, 0, 0, 0, 0, 0, 0, 0, 0, 0, 0, 0, 0, 0),
(451, 140, 27, 0, 0, 0, 0, 0, 0, 0, 0, 0, 0, 0, 0, 0, 0),
(452, 140, 3, 0, 0, 0, 0, 0, 0, 0, 0, 0, 0, 0, 0, 0, 0),
(453, 140, 21, 0, 0, 0, 0, 0, 0, 0, 0, 0, 0, 0, 0, 0, 0),
(454, 140, 22, 0, 0, 0, 0, 0, 0, 0, 0, 0, 0, 0, 0, 0, 0),
(455, 140, 23, 0, 0, 0, 0, 0, 0, 0, 0, 0, 0, 0, 0, 0, 0),
(456, 140, 24, 0, 0, 0, 0, 0, 0, 0, 0, 0, 0, 0, 0, 0, 0),
(457, 140, 25, 0, 0, 0, 0, 0, 0, 0, 0, 0, 0, 0, 0, 0, 0),
(458, 140, 26, 0, 0, 0, 0, 0, 0, 0, 0, 0, 0, 0, 0, 0, 0),
(459, 140, 28, 1, 1, 1, 1, 1, 1, 1, 1, 1, 1, 1, 1, 1, 0),
(460, 140, 29, 0, 0, 0, 0, 0, 0, 0, 0, 0, 0, 0, 0, 0, 0),
(461, 140, 30, 0, 0, 0, 0, 0, 0, 0, 0, 0, 0, 0, 0, 0, 0),
(462, 140, 31, 0, 0, 0, 0, 0, 0, 0, 0, 0, 0, 0, 0, 0, 0),
(463, 140, 32, 0, 0, 0, 0, 0, 0, 0, 0, 0, 0, 0, 0, 0, 0),
(464, 140, 33, 0, 0, 0, 0, 0, 0, 0, 0, 0, 0, 0, 0, 0, 0),
(465, 141, 2, 0, 0, 0, 0, 0, 0, 0, 0, 0, 0, 0, 0, 0, 0),
(466, 141, 5, 0, 0, 0, 0, 0, 0, 0, 0, 0, 0, 0, 0, 0, 0),
(467, 141, 12, 0, 0, 0, 0, 0, 0, 0, 0, 0, 0, 0, 0, 0, 0),
(468, 141, 15, 0, 0, 0, 0, 0, 0, 0, 0, 0, 0, 0, 0, 0, 0),
(469, 141, 9, 0, 0, 0, 0, 0, 0, 0, 0, 0, 0, 0, 0, 0, 0),
(470, 141, 8, 0, 0, 0, 0, 0, 0, 0, 0, 0, 0, 0, 0, 0, 0),
(471, 141, 1, 0, 0, 0, 0, 0, 0, 0, 0, 0, 0, 0, 0, 0, 0),
(472, 141, 4, 0, 0, 0, 0, 0, 0, 0, 0, 0, 0, 0, 0, 0, 0),
(473, 141, 11, 0, 0, 0, 0, 0, 0, 0, 0, 0, 0, 0, 0, 0, 0),
(474, 141, 7, 0, 0, 0, 0, 0, 0, 0, 0, 0, 0, 0, 0, 0, 0),
(475, 141, 10, 0, 0, 0, 0, 0, 0, 0, 0, 0, 0, 0, 0, 0, 0),
(476, 141, 6, 0, 0, 0, 0, 0, 0, 0, 0, 0, 0, 0, 0, 0, 0),
(477, 141, 13, 0, 0, 0, 0, 0, 0, 0, 0, 0, 0, 0, 0, 0, 0),
(478, 141, 14, 0, 0, 0, 0, 0, 0, 0, 0, 0, 0, 0, 0, 0, 0),
(479, 141, 27, 0, 0, 0, 0, 0, 0, 0, 0, 0, 0, 0, 0, 0, 0),
(480, 141, 3, 0, 0, 0, 0, 0, 0, 0, 0, 0, 0, 0, 0, 0, 0),
(481, 141, 21, 0, 0, 0, 0, 0, 0, 0, 0, 0, 0, 0, 0, 0, 0),
(482, 141, 22, 0, 0, 0, 0, 0, 0, 0, 0, 0, 0, 0, 0, 0, 0),
(483, 141, 23, 0, 0, 0, 0, 0, 0, 0, 0, 0, 0, 0, 0, 0, 0),
(484, 141, 24, 0, 0, 0, 0, 0, 0, 0, 0, 0, 0, 0, 0, 0, 0),
(485, 141, 25, 0, 0, 0, 0, 0, 0, 0, 0, 0, 0, 0, 0, 0, 0),
(486, 141, 26, 0, 0, 0, 0, 0, 0, 0, 0, 0, 0, 0, 0, 0, 0),
(487, 141, 28, 0, 0, 0, 0, 0, 0, 0, 0, 0, 0, 0, 0, 0, 0),
(488, 141, 29, 1, 1, 1, 1, 1, 1, 1, 1, 1, 1, 1, 0, 0, 0),
(489, 141, 30, 0, 0, 0, 0, 0, 0, 0, 0, 0, 0, 0, 0, 0, 0),
(490, 141, 31, 0, 0, 0, 0, 0, 0, 0, 0, 0, 0, 0, 0, 0, 0),
(491, 141, 32, 0, 0, 0, 0, 0, 0, 0, 0, 0, 0, 0, 0, 0, 0),
(492, 141, 33, 0, 0, 0, 0, 0, 0, 0, 0, 0, 0, 0, 0, 0, 0),
(493, 142, 2, 0, 0, 0, 0, 0, 0, 0, 0, 0, 0, 0, 0, 0, 0),
(494, 142, 5, 0, 0, 0, 0, 0, 0, 0, 0, 0, 0, 0, 0, 0, 0),
(495, 142, 12, 0, 0, 0, 0, 0, 0, 0, 0, 0, 0, 0, 0, 0, 0),
(496, 142, 15, 0, 0, 0, 0, 0, 0, 0, 0, 0, 0, 0, 0, 0, 0),
(497, 142, 9, 0, 0, 0, 0, 0, 0, 0, 0, 0, 0, 0, 0, 0, 0),
(498, 142, 8, 0, 0, 0, 0, 0, 0, 0, 0, 0, 0, 0, 0, 0, 0),
(499, 142, 1, 0, 0, 0, 0, 0, 0, 0, 0, 0, 0, 0, 0, 0, 0),
(500, 142, 4, 0, 0, 0, 0, 0, 0, 0, 0, 0, 0, 0, 0, 0, 0),
(501, 142, 11, 0, 0, 0, 0, 0, 0, 0, 0, 0, 0, 0, 0, 0, 0),
(502, 142, 7, 0, 0, 0, 0, 0, 0, 0, 0, 0, 0, 0, 0, 0, 0),
(503, 142, 10, 0, 0, 0, 0, 0, 0, 0, 0, 0, 0, 0, 0, 0, 0),
(504, 142, 6, 0, 0, 0, 0, 0, 0, 0, 0, 0, 0, 0, 0, 0, 0),
(505, 142, 13, 0, 0, 0, 0, 0, 0, 0, 0, 0, 0, 0, 0, 0, 0),
(506, 142, 14, 0, 0, 0, 0, 0, 0, 0, 0, 0, 0, 0, 0, 0, 0),
(507, 142, 27, 0, 0, 0, 0, 0, 0, 0, 0, 0, 0, 0, 0, 0, 0),
(508, 142, 3, 0, 0, 0, 0, 0, 0, 0, 0, 0, 0, 0, 0, 0, 0),
(509, 142, 21, 0, 0, 0, 0, 0, 0, 0, 0, 0, 0, 0, 0, 0, 0),
(510, 142, 22, 0, 0, 0, 0, 0, 0, 0, 0, 0, 0, 0, 0, 0, 0),
(511, 142, 23, 0, 0, 0, 0, 0, 0, 0, 0, 0, 0, 0, 0, 0, 0),
(512, 142, 24, 0, 0, 0, 0, 0, 0, 0, 0, 0, 0, 0, 0, 0, 0),
(513, 142, 25, 0, 0, 0, 0, 0, 0, 0, 0, 0, 0, 0, 0, 0, 0),
(514, 142, 26, 0, 0, 0, 0, 0, 0, 0, 0, 0, 0, 0, 0, 0, 0),
(515, 142, 28, 0, 0, 0, 0, 0, 0, 0, 0, 0, 0, 0, 0, 0, 0),
(516, 142, 29, 0, 0, 0, 0, 0, 0, 0, 0, 0, 0, 0, 0, 0, 0),
(517, 142, 30, 1, 1, 1, 1, 1, 1, 1, 1, 1, 1, 1, 0, 0, 0),
(518, 142, 31, 0, 0, 0, 0, 0, 0, 0, 0, 0, 0, 0, 0, 0, 0),
(519, 142, 32, 0, 0, 0, 0, 0, 0, 0, 0, 0, 0, 0, 0, 0, 0),
(520, 142, 33, 0, 0, 0, 0, 0, 0, 0, 0, 0, 0, 0, 0, 0, 0),
(521, 143, 2, 0, 0, 0, 0, 0, 0, 0, 0, 0, 0, 0, 0, 0, 0),
(522, 143, 5, 0, 0, 0, 0, 0, 0, 0, 0, 0, 0, 0, 0, 0, 0),
(523, 143, 12, 0, 0, 0, 0, 0, 0, 0, 0, 0, 0, 0, 0, 0, 0),
(524, 143, 15, 0, 0, 0, 0, 0, 0, 0, 0, 0, 0, 0, 0, 0, 0),
(525, 143, 9, 0, 0, 0, 0, 0, 0, 0, 0, 0, 0, 0, 0, 0, 0),
(526, 143, 8, 0, 0, 0, 0, 0, 0, 0, 0, 0, 0, 0, 0, 0, 0),
(527, 143, 1, 0, 0, 0, 0, 0, 0, 0, 0, 0, 0, 0, 0, 0, 0),
(528, 143, 4, 0, 0, 0, 0, 0, 0, 0, 0, 0, 0, 0, 0, 0, 0),
(529, 143, 11, 0, 0, 0, 0, 0, 0, 0, 0, 0, 0, 0, 0, 0, 0),
(530, 143, 7, 0, 0, 0, 0, 0, 0, 0, 0, 0, 0, 0, 0, 0, 0),
(531, 143, 10, 0, 0, 0, 0, 0, 0, 0, 0, 0, 0, 0, 0, 0, 0),
(532, 143, 6, 0, 0, 0, 0, 0, 0, 0, 0, 0, 0, 0, 0, 0, 0),
(533, 143, 13, 0, 0, 0, 0, 0, 0, 0, 0, 0, 0, 0, 0, 0, 0),
(534, 143, 14, 0, 0, 0, 0, 0, 0, 0, 0, 0, 0, 0, 0, 0, 0),
(535, 143, 27, 0, 0, 0, 0, 0, 0, 0, 0, 0, 0, 0, 0, 0, 0),
(536, 143, 3, 0, 0, 0, 0, 0, 0, 0, 0, 0, 0, 0, 0, 0, 0),
(537, 143, 21, 0, 0, 0, 0, 0, 0, 0, 0, 0, 0, 0, 0, 0, 0),
(538, 143, 22, 0, 0, 0, 0, 0, 0, 0, 0, 0, 0, 0, 0, 0, 0),
(539, 143, 23, 0, 0, 0, 0, 0, 0, 0, 0, 0, 0, 0, 0, 0, 0),
(540, 143, 24, 0, 0, 0, 0, 0, 0, 0, 0, 0, 0, 0, 0, 0, 0),
(541, 143, 25, 0, 0, 0, 0, 0, 0, 0, 0, 0, 0, 0, 0, 0, 0),
(542, 143, 26, 0, 0, 0, 0, 0, 0, 0, 0, 0, 0, 0, 0, 0, 0),
(543, 143, 28, 0, 0, 0, 0, 0, 0, 0, 0, 0, 0, 0, 0, 0, 0),
(544, 143, 29, 0, 0, 0, 0, 0, 0, 0, 0, 0, 0, 0, 0, 0, 0),
(545, 143, 30, 0, 0, 0, 0, 0, 0, 0, 0, 0, 0, 0, 0, 0, 0),
(546, 143, 31, 1, 1, 1, 1, 1, 1, 1, 1, 1, 1, 1, 0, 0, 0),
(547, 143, 32, 0, 0, 0, 0, 0, 0, 0, 0, 0, 0, 0, 0, 0, 0),
(548, 143, 33, 0, 0, 0, 0, 0, 0, 0, 0, 0, 0, 0, 0, 0, 0),
(549, 144, 2, 0, 0, 0, 0, 0, 0, 0, 0, 0, 0, 0, 0, 0, 0),
(550, 144, 5, 0, 0, 0, 0, 0, 0, 0, 0, 0, 0, 0, 0, 0, 0),
(551, 144, 12, 0, 0, 0, 0, 0, 0, 0, 0, 0, 0, 0, 0, 0, 0),
(552, 144, 15, 0, 0, 0, 0, 0, 0, 0, 0, 0, 0, 0, 0, 0, 0),
(553, 144, 9, 0, 0, 0, 0, 0, 0, 0, 0, 0, 0, 0, 0, 0, 0),
(554, 144, 8, 0, 0, 0, 0, 0, 0, 0, 0, 0, 0, 0, 0, 0, 0),
(555, 144, 1, 0, 0, 0, 0, 0, 0, 0, 0, 0, 0, 0, 0, 0, 0),
(556, 144, 4, 0, 0, 0, 0, 0, 0, 0, 0, 0, 0, 0, 0, 0, 0),
(557, 144, 11, 0, 0, 0, 0, 0, 0, 0, 0, 0, 0, 0, 0, 0, 0),
(558, 144, 7, 0, 0, 0, 0, 0, 0, 0, 0, 0, 0, 0, 0, 0, 0),
(559, 144, 10, 0, 0, 0, 0, 0, 0, 0, 0, 0, 0, 0, 0, 0, 0),
(560, 144, 6, 0, 0, 0, 0, 0, 0, 0, 0, 0, 0, 0, 0, 0, 0),
(561, 144, 13, 0, 0, 0, 0, 0, 0, 0, 0, 0, 0, 0, 0, 0, 0),
(562, 144, 14, 0, 0, 0, 0, 0, 0, 0, 0, 0, 0, 0, 0, 0, 0),
(563, 144, 27, 0, 0, 0, 0, 0, 0, 0, 0, 0, 0, 0, 0, 0, 0),
(564, 144, 3, 0, 0, 0, 0, 0, 0, 0, 0, 0, 0, 0, 0, 0, 0),
(565, 144, 21, 0, 0, 0, 0, 0, 0, 0, 0, 0, 0, 0, 0, 0, 0),
(566, 144, 22, 0, 0, 0, 0, 0, 0, 0, 0, 0, 0, 0, 0, 0, 0),
(567, 144, 23, 0, 0, 0, 0, 0, 0, 0, 0, 0, 0, 0, 0, 0, 0),
(568, 144, 24, 0, 0, 0, 0, 0, 0, 0, 0, 0, 0, 0, 0, 0, 0),
(569, 144, 25, 0, 0, 0, 0, 0, 0, 0, 0, 0, 0, 0, 0, 0, 0),
(570, 144, 26, 0, 0, 0, 0, 0, 0, 0, 0, 0, 0, 0, 0, 0, 0),
(571, 144, 28, 0, 0, 0, 0, 0, 0, 0, 0, 0, 0, 0, 0, 0, 0),
(572, 144, 29, 0, 0, 0, 0, 0, 0, 0, 0, 0, 0, 0, 0, 0, 0),
(573, 144, 30, 0, 0, 0, 0, 0, 0, 0, 0, 0, 0, 0, 0, 0, 0),
(574, 144, 31, 0, 0, 0, 0, 0, 0, 0, 0, 0, 0, 0, 0, 0, 0),
(575, 144, 32, 1, 1, 1, 1, 1, 1, 1, 1, 1, 1, 1, 0, 0, 0),
(576, 144, 33, 0, 0, 0, 0, 0, 0, 0, 0, 0, 0, 0, 0, 0, 0),
(577, 145, 2, 0, 0, 0, 0, 0, 0, 0, 0, 0, 0, 0, 0, 0, 0),
(578, 145, 5, 0, 0, 0, 0, 0, 0, 0, 0, 0, 0, 0, 0, 0, 0),
(579, 145, 12, 0, 0, 0, 0, 0, 0, 0, 0, 0, 0, 0, 0, 0, 0),
(580, 145, 15, 0, 0, 0, 0, 0, 0, 0, 0, 0, 0, 0, 0, 0, 0),
(581, 145, 9, 0, 0, 0, 0, 0, 0, 0, 0, 0, 0, 0, 0, 0, 0),
(582, 145, 8, 0, 0, 0, 0, 0, 0, 0, 0, 0, 0, 0, 0, 0, 0),
(583, 145, 1, 0, 0, 0, 0, 0, 0, 0, 0, 0, 0, 0, 0, 0, 0),
(584, 145, 4, 0, 0, 0, 0, 0, 0, 0, 0, 0, 0, 0, 0, 0, 0),
(585, 145, 11, 0, 0, 0, 0, 0, 0, 0, 0, 0, 0, 0, 0, 0, 0),
(586, 145, 7, 0, 0, 0, 0, 0, 0, 0, 0, 0, 0, 0, 0, 0, 0),
(587, 145, 10, 0, 0, 0, 0, 0, 0, 0, 0, 0, 0, 0, 0, 0, 0),
(588, 145, 6, 0, 0, 0, 0, 0, 0, 0, 0, 0, 0, 0, 0, 0, 0),
(589, 145, 13, 0, 0, 0, 0, 0, 0, 0, 0, 0, 0, 0, 0, 0, 0),
(590, 145, 14, 0, 0, 0, 0, 0, 0, 0, 0, 0, 0, 0, 0, 0, 0),
(591, 145, 27, 0, 0, 0, 0, 0, 0, 0, 0, 0, 0, 0, 0, 0, 0),
(592, 145, 3, 0, 0, 0, 0, 0, 0, 0, 0, 0, 0, 0, 0, 0, 0),
(593, 145, 21, 0, 0, 0, 0, 0, 0, 0, 0, 0, 0, 0, 0, 0, 0),
(594, 145, 22, 0, 0, 0, 0, 0, 0, 0, 0, 0, 0, 0, 0, 0, 0),
(595, 145, 23, 0, 0, 0, 0, 0, 0, 0, 0, 0, 0, 0, 0, 0, 0),
(596, 145, 24, 0, 0, 0, 0, 0, 0, 0, 0, 0, 0, 0, 0, 0, 0),
(597, 145, 25, 0, 0, 0, 0, 0, 0, 0, 0, 0, 0, 0, 0, 0, 0),
(598, 145, 26, 0, 0, 0, 0, 0, 0, 0, 0, 0, 0, 0, 0, 0, 0),
(599, 145, 28, 0, 0, 0, 0, 0, 0, 0, 0, 0, 0, 0, 0, 0, 0),
(600, 145, 29, 0, 0, 0, 0, 0, 0, 0, 0, 0, 0, 0, 0, 0, 0),
(601, 145, 30, 0, 0, 0, 0, 0, 0, 0, 0, 0, 0, 0, 0, 0, 0),
(602, 145, 31, 0, 0, 0, 0, 0, 0, 0, 0, 0, 0, 0, 0, 0, 0),
(603, 145, 32, 0, 0, 0, 0, 0, 0, 0, 0, 0, 0, 0, 0, 0, 0),
(604, 145, 33, 1, 1, 1, 1, 1, 1, 1, 1, 1, 1, 1, 0, 0, 0);

-- --------------------------------------------------------

--
-- Table structure for table `tbl_module`
--

CREATE TABLE `tbl_module` (
  `oModuleid` int(3) UNSIGNED NOT NULL DEFAULT 0,
  `oModulename` varchar(50) NOT NULL,
  `oTableid` int(3) UNSIGNED NOT NULL
) ENGINE=InnoDB DEFAULT CHARSET=latin1 COLLATE=latin1_general_ci;

--
-- Dumping data for table `tbl_module`
--

INSERT INTO `tbl_module` (`oModuleid`, `oModulename`, `oTableid`) VALUES
(1, 'MY ACCOUNT                    ', 1),
(2, 'ADMINISTRATIVE TOOLS          ', 2),
(3, 'USER ACCOUNTS                 ', 3),
(4, 'ORDER TAKING CASH RETAIL', 4),
(5, 'CASH CUSTOMER LIST', 5),
(6, 'QUOTATION WHOLESALE', 6),
(7, 'PURCHASE ORDER WHOLESALE', 7),
(8, 'LOCAL RESERVATION SALES                           ', 8),
(9, 'LOCAL RESERVATION BODEGA                          ', 9),
(10, 'QUOTATION RETAIL', 10),
(11, 'PURCHASE ORDER RETAIL', 11),
(12, 'INTERSTORE RESERVATION                            ', 12),
(13, 'SPECIAL ORDER RETAIL                              ', 13),
(14, 'SPECIAL ORDER WHOLESALE', 14),
(15, 'INTERSTORE RESERVATION - STORE TO STORE', 15),
(21, 'WH RESERVATION - BODEGA 1                         ', 16),
(22, 'WH RESERVATION - BODEGA 2                         ', 17),
(23, 'WH RESERVATION - BODEGA 3                         ', 18),
(24, 'WH RESERVATION - BODEGA 4                         ', 19),
(25, 'WH RESERVATION - BODEGA 5                         ', 20),
(26, 'WH RESERVATION - BODEGA 6                         ', 21),
(27, 'STOCK TRANSFER MONITORING', 22),
(28, 'WMS - BODEGA 1', 23),
(29, 'WMS - BODEGA 2', 24),
(30, 'WMS - BODEGA 3', 25),
(31, 'WMS - BODEGA 4', 26),
(32, 'WMS - BODEGA 5', 27),
(33, 'WMS - BODEGA 6', 28);

-- --------------------------------------------------------

--
-- Table structure for table `tbl_user`
--

CREATE TABLE `tbl_user` (
  `oUserid` int(5) UNSIGNED NOT NULL,
  `oFullname` varchar(50) NOT NULL,
  `oUsername` varchar(10) NOT NULL,
  `oPassword` varchar(20) NOT NULL,
  `oPosition` varchar(50) NOT NULL,
  `oPostcode` int(4) UNSIGNED NOT NULL,
  `oActive` int(1) UNSIGNED NOT NULL DEFAULT 0,
  `oInvcash` int(10) UNSIGNED DEFAULT 0,
  `oInvcharge` int(10) UNSIGNED DEFAULT 0,
  `oLocalres` int(1) UNSIGNED DEFAULT 0,
  `oSalesflag` int(1) UNSIGNED DEFAULT 0,
  `oRtwflag` int(1) UNSIGNED DEFAULT 0,
  `oUserlvl` int(1) UNSIGNED DEFAULT 0,
  `oAttempt` int(1) UNSIGNED DEFAULT NULL,
  `oICS` int(1) UNSIGNED DEFAULT 0
) ENGINE=InnoDB DEFAULT CHARSET=latin1 COLLATE=latin1_general_ci;

--
-- Dumping data for table `tbl_user`
--

INSERT INTO `tbl_user` (`oUserid`, `oFullname`, `oUsername`, `oPassword`, `oPosition`, `oPostcode`, `oActive`, `oInvcash`, `oInvcharge`, `oLocalres`, `oSalesflag`, `oRtwflag`, `oUserlvl`, `oAttempt`, `oICS`) VALUES
(1, 'ADMIN                                             ', 'ADMIN     ', 'nimda', 'ADMIN                                             ', 2262, 1, 0, 0, 0, 0, 0, 2, 0, 0),
(2, 'JANE SUICO                                        ', 'JANE      ', '1234', 'SUPERVISOR                                        ', 4864, 1, 0, 0, 0, 0, 0, 2, NULL, 0),
(3, 'AUDIE SANTINOR                                    ', 'AUDIE     ', '1234', 'SALES                                             ', 1454, 1, 0, 0, 0, 0, 0, 0, NULL, 0),
(4, 'KERRLIN JOY VENENCIANO                            ', 'KERRLINJOY', '1234', 'MERCHANDISING STAFF                               ', 4258, 1, 0, 0, 0, 0, 0, 2, 0, 0),
(5, 'STEPHEN JON ARNADO                                ', 'STEPHEN   ', '1234                ', 'MANAGER                                           ', 3061, 0, 0, 0, 0, 0, 0, 2, 0, 0),
(6, 'WILLIAM BERBO                                     ', 'WILLIAM   ', '1234', 'COUNTER                                           ', 1688, 1, 0, 0, 0, 0, 0, 0, 0, 0),
(7, 'ERNESTO PAYPA                                     ', 'ERNESTO   ', '1234', 'COUNTER                                           ', 1317, 1, 0, 0, 0, 0, 0, 0, 0, 0),
(8, 'VICMAR PARAN                                      ', 'VICMAR    ', '1234', 'COUNTER                                           ', 2454, 1, 0, 0, 0, 0, 0, 0, 0, 0),
(9, 'ANGELIE LIBATON                                   ', 'ANGELIE   ', '1234                ', 'COUNTER                                           ', 1131, 1, 0, 0, 0, 0, 0, 2, 0, 0),
(10, 'LEZEIL PASTOR                                     ', 'LEZEIL    ', '1234', 'COUNTER                                           ', 1086, 1, 0, 0, 0, 0, 0, 0, NULL, 0),
(11, 'RENAN REFULLE                                     ', 'RENAN     ', '1234', 'COUNTER                                           ', 1045, 1, 0, 0, 0, 0, 0, 0, 0, 0),
(12, 'REMON LABAJO                                      ', 'REMON     ', '1234', 'COUNTER                                           ', 9062, 1, 0, 0, 0, 0, 0, 0, 0, 0),
(13, 'ALFORD BAGUIO                                     ', 'ALFORD    ', '1234', 'COUNTER                                           ', 8025, 1, 0, 0, 0, 0, 0, 0, 0, 0),
(14, 'LEO NAVARRO                                       ', 'LEO       ', '1234', 'COUNTER                                           ', 5243, 1, 0, 0, 0, 0, 0, 0, 0, 0),
(15, 'ENRIQUE CABUSAS                                   ', 'ENRIQUE   ', '1234', 'COUNTER                                           ', 3378, 1, 0, 0, 0, 0, 0, 0, 0, 0),
(16, 'JOCELINA ALBISO                                   ', 'JOCELINA  ', '1234', 'ICS                                               ', 7234, 1, 0, 0, 0, 0, 0, 0, 0, 0),
(17, 'STEPHEN JON ARNADO                                ', 'STEPHENJON', '1234                ', 'MANAGER                                           ', 3022, 1, 0, 0, 0, 0, 0, 2, NULL, 0),
(18, 'CARMEL NARTIA                                     ', 'CARMEL    ', '10305429            ', 'RECON                                             ', 7272, 1, 0, 0, 0, 0, 0, 2, NULL, 0),
(19, 'SHENNY                                            ', 'SHENNY    ', 'SHENSHEN            ', 'RECON                                             ', 8903, 1, 0, 0, 0, 0, 0, 2, NULL, 0),
(20, 'ANNABELLE TAPAY                                   ', 'ANNABELLE ', '1234', 'MANAGER                                           ', 5478, 1, 0, 0, 0, 0, 0, 2, NULL, 0),
(21, 'JAREN LABAJO                                      ', 'JAREN     ', '1234', 'RECON                                             ', 8761, 1, 0, 0, 0, 0, 0, 1, 0, 0),
(22, 'PEDRA                                             ', 'PEDRA     ', '212707              ', 'RECON                                             ', 4890, 1, 0, 0, 0, 0, 0, 2, NULL, 0),
(23, 'KHEMJOHN                                          ', 'KHEMJOHN  ', '1234', 'RECHECKER                                         ', 6759, 1, 0, 0, 0, 0, 0, 0, 0, 0),
(24, 'MECHELLE ADLAWAN                                  ', 'MECHELLE  ', '1234', 'COUNTER                                           ', 3516, 1, 0, 0, 0, 0, 0, 2, NULL, 0),
(25, 'ANALYN MANAYON                                    ', 'ANALYN    ', '1234', 'COUNTER                                           ', 1614, 1, 0, 0, 0, 0, 0, 0, 0, 0),
(26, 'LUDEMAR CANQUE                                    ', 'LUDEMAR   ', '1234', 'COUNTER                                           ', 7282, 1, 0, 0, 0, 0, 0, 0, 0, 0),
(27, 'JAY-AR LAPING                                     ', 'JAY-AR    ', '1234', 'COUNTER                                           ', 5173, 1, 0, 0, 0, 0, 0, 0, 0, 0),
(28, 'MARIO LABUCA                                      ', 'MARIO     ', '1234', 'COUNTER                                           ', 1078, 1, 0, 0, 0, 0, 0, 0, 0, 0),
(29, 'CHRISTOPHER ENGRACIAL                             ', 'CHRISTOPHE', '1234', 'COUNTER                                           ', 4078, 1, 0, 0, 0, 0, 0, 0, NULL, 0),
(30, 'JAMES VAN BARLISO                                 ', 'JAMES', '1234                ', 'COUNTER                                           ', 4012, 1, 0, 0, 0, 0, 0, 0, NULL, 0),
(31, 'JUNNIFER ALESNA                                   ', 'JUNNIFER', '1234                ', 'COUNTER                                           ', 4013, 1, 0, 0, 0, 0, 0, 0, NULL, 0),
(32, 'LENARD ENCORPORADO                                ', 'LENARD    ', '1234                ', 'COUNTER                                           ', 9719, 1, 0, 0, 0, 0, 0, 0, NULL, 0),
(33, 'JERLYN ESCASINAS                                  ', 'JERLYN    ', '1234                ', 'RECON                                             ', 6419, 1, 0, 0, 0, 0, 0, 2, NULL, 0),
(34, 'MARY JANE TORRIFEL                                ', 'MARYJANE  ', '1234                ', 'WH COORDINATOR                                    ', 3673, 1, 0, 0, 0, 0, 0, 0, NULL, 0),
(35, 'LEZIEL PASTOR                                     ', 'LEZIEL    ', '1234                ', 'VERIFIER                                          ', 6127, 1, 0, 0, 0, 0, 0, 0, NULL, 0),
(36, 'JOREAM PARDILLO                                   ', 'JOREAM    ', '1234                ', 'VERIFIER                                          ', 4374, 1, 0, 0, 0, 0, 0, 0, NULL, 0),
(37, 'ARTEMIO CALIPARA                                  ', 'ARTEMIO   ', '1234                ', 'SA                                                ', 3055, 1, 0, 0, 0, 0, 0, 0, NULL, 0),
(38, 'JOMEL DELA TORRE                                  ', 'JOMEL     ', '1234                ', 'SA                                                ', 7312, 1, 0, 0, 0, 0, 0, 0, NULL, 0),
(39, 'MAILYN PARBA                                      ', 'MAILYN    ', '1234', 'RECON                                             ', 8368, 1, 0, 0, 0, 0, 0, 2, NULL, 0),
(40, 'ROSE ANN MAE ABELLA                               ', 'ROSEANN   ', '1234                ', 'RECON                                             ', 6370, 1, 0, 0, 0, 0, 0, 2, NULL, 0),
(41, 'JASON CASTILLOTE                                  ', 'CASTILLOTE', '1234                ', 'RECON                                             ', 1023, 1, 0, 0, 0, 0, 0, 2, NULL, 0),
(42, 'MHAEO RAFOLS                                      ', 'MHAEO     ', '1234                ', 'RECON                                             ', 3537, 1, 0, 0, 0, 0, 0, 2, NULL, 0),
(43, 'JEFFERSON GEULIN                                  ', 'JEFFERSON ', '1234                ', 'WIC                                               ', 6523, 1, 0, 0, 0, 0, 0, 2, NULL, 0),
(44, 'RONIL CABAÑERO                                    ', 'RONIL     ', '1234                ', 'WIC                                               ', 8007, 1, 0, 0, 0, 0, 0, 2, NULL, 0),
(45, 'MONICA BARBADILLO                                 ', 'MONICA    ', '1234                ', 'CONTROLLER                                        ', 1997, 1, 0, 0, 0, 0, 0, 2, NULL, 0),
(46, 'BENJAMIN URSABIA                                  ', 'BENJAMIN ', '1234                ', 'COUNTER                                           ', 1081, 1, 0, 0, 0, 0, 0, 0, NULL, 0),
(47, 'JECRIS CARCUEVA                                   ', 'JECRIS    ', '1234                ', 'COUNTER                                           ', 1093, 1, 0, 0, 0, 0, 0, 0, NULL, 0),
(48, 'MARJUN SEDON                                      ', 'MARJUN    ', '1234                ', 'COUNTER                                           ', 9841, 1, 0, 0, 0, 0, 0, 0, NULL, 0),
(49, 'IVAN MANLOLOYO                                    ', 'IVAN      ', '1234                ', 'COUNTER                                           ', 4608, 1, 0, 0, 0, 0, 0, 0, NULL, 0),
(50, 'MARKLUE MAMOLO                                    ', 'MARKLUE   ', '1234                ', 'COUNTER                                           ', 1693, 1, 0, 0, 0, 0, 0, 0, NULL, 0),
(51, 'GEOVANNE KENT REJUSO                              ', 'GEOVANNE  ', '1234                ', 'COUNTER                                           ', 9850, 1, 0, 0, 0, 0, 0, 0, NULL, 0),
(52, 'LEONARDO ENCORPORADO                              ', 'LEONARDO  ', '1234                ', 'COUNTER                                           ', 1470, 1, 0, 0, 0, 0, 0, 0, NULL, 0),
(53, 'JIRO LEGASPINA                                    ', 'JIRO', '1234', 'RECHECKER                                         ', 1022, 1, 0, 0, 0, 0, 0, 1, NULL, 0),
(54, 'BPM_USER                                          ', 'BPM_USER  ', '1234                ', 'VERIFIER                                          ', 6695, 1, 0, 0, 0, 0, 0, 2, NULL, 0),
(55, 'BPM_MATCH                                         ', 'BPM_MATCH ', '1234                ', 'MATCHER                                           ', 7371, 1, 0, 0, 0, 0, 0, 2, NULL, 0),
(56, 'BPM_MANAGR                                        ', 'BPM_MANAGR', '1234                ', 'RECONCILIATION                                    ', 2491, 1, 0, 0, 0, 0, 0, 2, NULL, 0),
(57, 'RHYLLSAM MANLOLOYO                                ', 'RHYLLSAM  ', '0322                ', 'WHSE SUPERVISOR                                   ', 2229, 1, 0, 0, 0, 0, 0, 2, NULL, 0),
(58, 'LEEMARK SULIT                                     ', 'LEEMARK   ', '1234                ', 'WHSE SUPERVISOR                                   ', 1035, 1, 0, 0, 0, 0, 0, 2, NULL, 0),
(59, 'FELIZARDO ECONG                                   ', 'FELIZARDO ', '1234                ', 'WHSE SUPERVISOR                                   ', 9031, 1, 0, 0, 0, 0, 0, 2, NULL, 0),
(60, 'DARWIN ANTHONY OLANDRIA                           ', 'DARWIN    ', '1234                ', 'MANAGER                                           ', 3072, 1, 0, 0, 0, 0, 0, 2, NULL, 0),
(61, 'CHARISSE KIT MAYLAN                               ', 'CHARISSE  ', '1234                ', 'VERIFIER                                          ', 8407, 1, 0, 0, 0, 0, 0, 1, NULL, 0),
(62, 'YENDELL ALISON                                    ', 'YENDELL   ', '1234                ', 'VERIFIER                                          ', 6131, 1, 0, 0, 0, 0, 0, 1, NULL, 0),
(63, 'TIFFANY NARTE                                     ', 'TIFFANY   ', '1234                ', 'RECON                                             ', 6560, 1, 0, 0, 0, 0, 0, 2, NULL, 0),
(64, 'ABSOLUM VILLAVER                                  ', 'ABSOLUM   ', '1234                ', 'COUNTER                                           ', 7075, 1, 0, 0, 0, 0, 0, 0, NULL, 0),
(65, 'CARL VIDAL                                        ', 'CARL      ', '1234                ', 'COUNTER                                           ', 7120, 1, 0, 0, 0, 0, 0, 0, NULL, 0),
(66, 'JONNY CO                                          ', 'JONNY     ', '1234                ', 'COUNTER                                           ', 3610, 1, 0, 0, 0, 0, 0, 0, NULL, 0),
(67, 'ALBERT COGAL                                      ', 'ALBERT    ', '1234                ', 'COUNTER                                           ', 2501, 1, 0, 0, 0, 0, 0, 0, NULL, 0),
(68, 'JESSIE CARTER                                     ', 'JESSIE    ', '1234                ', 'COUNTER                                           ', 8180, 1, 0, 0, 0, 0, 0, 0, NULL, 0),
(69, 'EDZANNE VALDEZ                                    ', 'EDZANNE   ', '1234                ', 'COUNTER                                           ', 7374, 1, 0, 0, 0, 0, 0, 0, NULL, 0),
(70, 'MAYCHALE CABALLERO                                ', 'MAYCHALE  ', '1234                ', 'COUNTER                                           ', 1933, 1, 0, 0, 0, 0, 0, 0, NULL, 0),
(71, 'SANDRO ANGCO                                      ', 'SANDRO    ', '1234                ', 'COUNTER                                           ', 1718, 1, 0, 0, 0, 0, 0, 0, NULL, 0),
(72, 'LARRY ABATAYO                                     ', 'LARRY     ', '1234                ', 'COUNTER                                           ', 8574, 1, 0, 0, 0, 0, 0, 0, NULL, 0),
(73, 'MARK ANGAYAO                                      ', 'MARK_A    ', '1234                ', 'COUNTER                                           ', 1725, 1, 0, 0, 0, 0, 0, 0, NULL, 0),
(74, 'PATRICK TOQUERO                                   ', 'PATRICK   ', '1234                ', 'COUNTER                                           ', 8489, 1, 0, 0, 0, 0, 0, 0, NULL, 0),
(75, 'NILZIA AMAQUIN                                    ', 'NILZIA    ', '1234                ', 'COUNTER                                           ', 9916, 1, 0, 0, 0, 0, 0, 0, NULL, 0),
(76, 'ROMEO QUIMNO                                      ', 'ROMEO     ', '1234                ', 'COUNTER                                           ', 8378, 1, 0, 0, 0, 0, 0, 0, NULL, 0),
(77, 'KENNETH RIVERA                                    ', 'KENNETH   ', '1234                ', 'COUNTER                                           ', 3672, 1, 0, 0, 0, 0, 0, 0, NULL, 0),
(78, 'LOVE ANTHONY PERATER                              ', 'LOVE      ', '1234                ', 'COUNTER                                           ', 9749, 1, 0, 0, 0, 0, 0, 0, NULL, 0),
(79, 'ALEXANDER FULGUIRINAS                             ', 'ALEXANDER ', '1234                ', 'COUNTER                                           ', 5801, 1, 0, 0, 0, 0, 0, 0, NULL, 0),
(80, 'GILBERT CUEVAS                                    ', 'GILBERT   ', '1234                ', 'COUNTER                                           ', 8399, 1, 0, 0, 0, 0, 0, 0, NULL, 0),
(81, 'MENJIE SAMPAN                                     ', 'MENJIE    ', '1234                ', 'COUNTER                                           ', 5837, 1, 0, 0, 0, 0, 0, 0, NULL, 0),
(82, 'JOHN QUINANOLA                                    ', 'JOHN_Q    ', '1234                ', 'COUNTER                                           ', 5650, 1, 0, 0, 0, 0, 0, 0, NULL, 0),
(83, 'LOWE ALCANSADO                                    ', 'LOWE      ', '1234                ', 'COUNTER                                           ', 3397, 1, 0, 0, 0, 0, 0, 0, NULL, 0),
(84, 'FELIX LARA                                        ', 'FELIX     ', '1234                ', 'COUNTER                                           ', 5039, 1, 0, 0, 0, 0, 0, 2, NULL, 0),
(85, 'JETHRU BARSILLA                                   ', 'JETHRU    ', '1234                ', 'COUNTER                                           ', 4091, 1, 0, 0, 0, 0, 0, 0, NULL, 0),
(86, 'JONEL AMATO                                       ', 'JONEL     ', '1234                ', 'COUNTER                                           ', 2297, 1, 0, 0, 0, 0, 0, 0, NULL, 0),
(87, 'ARJAY VALIENTE                                    ', 'ARJAY     ', '1234                ', 'COUNTER                                           ', 4463, 1, 0, 0, 0, 0, 0, 0, NULL, 0),
(88, 'STANLEY ALFORQUE                                  ', 'STANLEY   ', '1234                ', 'COUNTER                                           ', 3402, 1, 0, 0, 0, 0, 0, 0, NULL, 0),
(89, 'JOHN RAMOS                                        ', 'JOHN_R    ', '1234                ', 'COUNTER                                           ', 7438, 1, 0, 0, 0, 0, 0, 0, NULL, 0),
(90, 'SYAEJIE BELLITA                                   ', 'SYAEJIE   ', '1234                ', 'COUNTER                                           ', 5459, 1, 0, 0, 0, 0, 0, 0, NULL, 0),
(91, 'MARK BESARIO                                      ', 'MARK_B    ', '1234                ', 'COUNTER                                           ', 4678, 1, 0, 0, 0, 0, 0, 0, NULL, 0),
(92, 'JEROME SAMBANA                                    ', 'JEROME    ', '1234                ', 'COUNTER                                           ', 9173, 1, 0, 0, 0, 0, 0, 0, NULL, 0),
(93, 'LLOYD HIMAYA                                      ', 'LLOYD     ', '1234                ', 'COUNTER                                           ', 1099, 1, 0, 0, 0, 0, 0, 0, NULL, 0),
(94, 'JUNREY QUIAOT                                     ', 'JUNREY    ', '1234                ', 'COUNTER                                           ', 9563, 1, 0, 0, 0, 0, 0, 0, NULL, 0),
(95, 'RAYMART TERO                                      ', 'RAYMART   ', '1234                ', 'COUNTER                                           ', 8787, 1, 0, 0, 0, 0, 0, 0, NULL, 0),
(96, 'LECLER QUIMOD                                     ', 'LECLER    ', '1234                ', 'INVENTORY CONTROLLER                              ', 6959, 1, 0, 0, 0, 0, 0, 2, NULL, 0),
(97, 'RHYXY GERA                                        ', 'RHYXY     ', '1234                ', 'VERIFIER                                          ', 2546, 1, 0, 0, 0, 0, 0, 1, NULL, 0),
(98, 'JHIRO LEGASPINA                                   ', 'JHIRO     ', '1234                ', 'RECON                                             ', 1034, 1, 0, 0, 0, 0, 0, 2, NULL, 0),
(99, 'ELAIZA JANE DEIPARINE                             ', 'ELAIZA    ', '1234                ', 'COUNTER                                           ', 1798, 1, 0, 0, 0, 0, 0, 0, NULL, 0),
(100, 'DONALD ALESNA                                     ', 'DONALD    ', '1234                ', 'PICKER                                            ', 7980, 1, 0, 0, 0, 0, 0, 0, NULL, 0),
(101, 'LOUIEL TRIBUNALO                                  ', 'LOUIEL    ', '1234                ', 'PICKER                                            ', 3515, 1, 0, 0, 0, 0, 0, 0, NULL, 0),
(102, 'SYSTEM ANALYST                                    ', 'SYSTEM    ', '1234                ', 'SYSTEM ANALYST                                    ', 8570, 1, 0, 0, 0, 0, 0, 0, NULL, 0),
(103, 'MILJAYHANN TIMTIM                                 ', 'MILJAYHANN', '1234                ', 'INVENTORY STAFF                                   ', 6953, 1, 0, 0, 0, 0, 0, 0, NULL, 0),
(104, 'RAYMOND LAPIS                                     ', 'RAYMOND   ', '1234                ', 'INVENTORY STAFF                                   ', 5994, 1, 0, 0, 0, 0, 0, 0, NULL, 0),
(105, 'BIENVENIDO CANO JR.', 'BIENVENIDO', '1234', 'RELEASING TRANSPORT SUPERVISOR', 9323, 1, 0, 0, 0, 0, 0, 0, NULL, 0),
(106, 'JHEU ALDEVERA                                     ', 'JHEU      ', '1234                ', 'IS                                                ', 5085, 1, 0, 0, 0, 0, 0, 0, NULL, 0),
(107, 'JOSEPH PAGARUGAN                                  ', 'JOSEPH ', '1234                ', 'LOGISTICS MANAGER                                 ', 5298, 1, 0, 0, 0, 0, 0, 2, NULL, 0),
(108, 'ANDRIO SAURE                                      ', 'ANDRIO    ', '1234                ', 'COUNTER                                           ', 4469, 1, 0, 0, 0, 0, 0, 0, NULL, 0),
(109, 'CHRISTIAN GEONZON                                 ', 'CHRISTIAN ', '1234                ', 'COUNTER                                           ', 9125, 1, 0, 0, 0, 0, 0, 0, NULL, 0),
(110, 'CHRISTIAN JAY LAPUT                               ', 'JAY       ', '1234                ', 'COUNTER                                           ', 3620, 1, 0, 0, 0, 0, 0, 0, NULL, 0),
(111, 'DAVE CABRERA                                      ', 'DAVECAB   ', '1234                ', 'COUNTER                                           ', 4497, 1, 0, 0, 0, 0, 0, 0, NULL, 0),
(112, 'DAVE CATUBIG                                      ', 'DAVECAT   ', '1234                ', 'COUNTER                                           ', 6658, 1, 0, 0, 0, 0, 0, 0, NULL, 0),
(113, 'ELIAZAR TAUSA                                     ', 'ELIAZAR   ', '1234                ', 'COUNTER                                           ', 1003, 1, 0, 0, 0, 0, 0, 0, NULL, 0),
(114, 'HARBY GALON                                       ', 'HARBY     ', '1234                ', 'COUNTER                                           ', 4958, 1, 0, 0, 0, 0, 0, 0, NULL, 0),
(115, 'JAKE CANTANO                                      ', 'JAKE      ', '1234                ', 'COUNTER                                           ', 1967, 1, 0, 0, 0, 0, 0, 0, NULL, 0),
(116, 'JOHN MARLON MABANDOS                              ', 'MARLON    ', '1234                ', 'COUNTER                                           ', 1046, 1, 0, 0, 0, 0, 0, 0, NULL, 0),
(117, 'JOHN REBEL RAMOS                                  ', 'REBEL     ', '1234                ', 'COUNTER                                           ', 1041, 1, 0, 0, 0, 0, 0, 0, NULL, 0),
(118, 'JOSE NINO GETUTA                                  ', 'JOSE      ', '1234                ', 'COUNTER                                           ', 1741, 1, 0, 0, 0, 0, 0, 0, NULL, 0),
(119, 'MARKJHUN DIPIO                                    ', 'MARKJHUN  ', '1234                ', 'COUNTER                                           ', 3287, 1, 0, 0, 0, 0, 0, 0, NULL, 0),
(120, 'JEREMY REYES                                      ', 'JEREMY    ', '1234                ', 'COUNTER                                           ', 2842, 1, 0, 0, 0, 0, 0, 0, NULL, 0),
(121, 'JEVEE BAYONAS                                     ', 'JEVEE     ', '1234                ', 'COUNTER                                           ', 8093, 1, 0, 0, 0, 0, 0, 0, NULL, 0),
(122, 'JOENEL RICAPLAZA                                  ', 'JOENEL    ', '1234                ', 'COUNTER                                           ', 9884, 1, 0, 0, 0, 0, 0, 0, NULL, 0),
(123, 'JOHN CLIFFORD SEGGARA                             ', 'CLIFFORD  ', '1234                ', 'COUNTER                                           ', 8763, 1, 0, 0, 0, 0, 0, 0, NULL, 0),
(124, 'JOHN ERIC RICARDO                                 ', 'JOHNERIC  ', '1234                ', 'COUNTER                                           ', 9487, 1, 0, 0, 0, 0, 0, 0, NULL, 0),
(125, 'MARVIN CABRERA                                    ', 'MARVIN    ', '1234                ', 'COUNTER                                           ', 9862, 1, 0, 0, 0, 0, 0, 0, NULL, 0),
(126, 'MC JONALD ABLONG                                  ', 'MCJONALD  ', '1234                ', 'COUNTER                                           ', 3344, 1, 0, 0, 0, 0, 0, 0, NULL, 0),
(127, 'NELSON AMANCIA                                    ', 'NELSON    ', '1234                ', 'COUNTER                                           ', 8941, 1, 0, 0, 0, 0, 0, 0, NULL, 0),
(128, 'RODEL MARTINEZ                                    ', 'RODEL     ', '1234                ', 'COUNTER                                           ', 1799, 1, 0, 0, 0, 0, 0, 0, NULL, 0),
(129, 'ADONIS PATAC                                      ', 'ADONIS    ', '1234                ', 'RECON                                             ', 4084, 1, 0, 0, 0, 0, 0, 2, NULL, 0),
(130, 'EMMALOU EDAR                                      ', 'EMMALOU   ', '1234                ', 'RECON                                             ', 6172, 1, 0, 0, 0, 0, 0, 2, NULL, 0),
(131, 'GERONIMO ACKLES                                   ', 'GERONIMO  ', '1234                ', 'COUNTER                                           ', 7232, 1, 0, 0, 0, 0, 0, 0, NULL, 0),
(132, 'JAN RAYMOND SANTILLAN                             ', 'JANRAYMOND', '1234                ', 'COUNTER                                           ', 1012, 1, 0, 0, 0, 0, 0, 0, NULL, 0),
(133, 'BRYLE ABAY                                        ', 'BRYLE     ', '1234                ', 'COUNTER                                           ', 1098, 1, 0, 0, 0, 0, 0, 0, NULL, 0),
(134, 'JIMMY DELIMA                                      ', 'JIMMY     ', '1234                ', 'COUNTER                                           ', 1075, 1, 0, 0, 0, 0, 0, 0, NULL, 0),
(135, 'JOLON APAS                                        ', 'JOLON     ', '1234                ', 'COUNTER                                           ', 3893, 1, 0, 0, 0, 0, 0, 0, NULL, 0),
(136, 'CHRISTIAN JHIEVE EBOT                             ', 'JHIEVE    ', '1234                ', 'COUNTER                                           ', 1680, 1, 0, 0, 0, 0, 0, 0, NULL, 0),
(137, 'ROMEL MAYOL                                       ', 'ROMEL     ', '1234                ', 'COUNTER                                           ', 2846, 1, 0, 0, 0, 0, 0, 0, NULL, 0),
(138, 'RAZUL NAJEEB                                      ', 'RAZUL     ', '1234                ', 'COUNTER                                           ', 2210, 1, 0, 0, 0, 0, 0, 0, NULL, 0),
(139, 'ARIEL CABALAN', 'ARIEL', '1234', 'COUNTER', 1422, 1, 0, 0, 0, 0, 0, 0, NULL, 0),
(140, 'TEST USER 1                                       ', 'TESTUSER1 ', '1234                ', 'TEST USER 1                                       ', 8001, 1, 0, 0, 0, 0, 0, 0, NULL, 0),
(141, 'TEST USER 2                                       ', 'TESTUSER2 ', '1234                ', 'TEST USER 2                                       ', 8002, 1, 0, 0, 0, 0, 0, 0, NULL, 0),
(142, 'TEST USER 3                                       ', 'TESTUSER3 ', '1234                ', 'TEST USER 3                                       ', 8003, 1, 0, 0, 0, 0, 0, 0, NULL, 0),
(143, 'TEST USER 4                                       ', 'TESTUSER4 ', '1234                ', 'TEST USER 4                                       ', 8004, 1, 0, 0, 0, 0, 0, 0, NULL, 0),
(144, 'TEST USER 5                                       ', 'TESTUSER5 ', '1234                ', 'TEST USER 5                                       ', 8005, 1, 0, 0, 0, 0, 0, 0, NULL, 0),
(145, 'TEST USER 6                                       ', 'TESTUSER6 ', '1234                ', 'TEST USER 6                                       ', 8006, 1, 0, 0, 0, 0, 0, 0, NULL, 0);

--
-- Indexes for dumped tables
--

--
-- Indexes for table `tbl_access`
--
ALTER TABLE `tbl_access`
  ADD PRIMARY KEY (`oAccessid`);

--
-- Indexes for table `tbl_module`
--
ALTER TABLE `tbl_module`
  ADD KEY `oTableid` (`oTableid`);

--
-- Indexes for table `tbl_user`
--
ALTER TABLE `tbl_user`
  ADD PRIMARY KEY (`oUserid`),
  ADD UNIQUE KEY `OUSERNAME` (`oUsername`),
  ADD UNIQUE KEY `OPOSTCODE` (`oPostcode`);

--
-- AUTO_INCREMENT for dumped tables
--

--
-- AUTO_INCREMENT for table `tbl_access`
--
ALTER TABLE `tbl_access`
  MODIFY `oAccessid` int(10) UNSIGNED NOT NULL AUTO_INCREMENT, AUTO_INCREMENT=605;

--
-- AUTO_INCREMENT for table `tbl_module`
--
ALTER TABLE `tbl_module`
  MODIFY `oTableid` int(3) UNSIGNED NOT NULL AUTO_INCREMENT, AUTO_INCREMENT=29;

--
-- AUTO_INCREMENT for table `tbl_user`
--
ALTER TABLE `tbl_user`
  MODIFY `oUserid` int(5) UNSIGNED NOT NULL AUTO_INCREMENT, AUTO_INCREMENT=146;
COMMIT;

/*!40101 SET CHARACTER_SET_CLIENT=@OLD_CHARACTER_SET_CLIENT */;
/*!40101 SET CHARACTER_SET_RESULTS=@OLD_CHARACTER_SET_RESULTS */;
/*!40101 SET COLLATION_CONNECTION=@OLD_COLLATION_CONNECTION */;
